# (c) Der Bundeswahlleiter, Statistisches Bundesamt (Destatis), 2018;;;;;;;;;
# ;;;;;;;;;
# Wahl zum 19. Deutschen Bundestag (24. September 2017);;;;;;;;;
# Ergebnisse der repräsentativen Wahlstatistik;;;;;;;;;
# Wahlberechtigte ohne und mit Wahlschein, Wähler/-innen ohne und mit Wahlschein und Wahlbeteiligung nach Geschlecht und Geburtsjahresgruppen in den Ländern;;;;;;;;;
# ;;;;;;;;;
# Erläuterungen zur Methodik siehe Dokument 'Allgemeine und methodische Hinweise zur repräsentativen Wahlstatistik der Bundestagswahl 2017'.;;;;;;;;;
# Durch Auf- bzw. Abrundungen können sich in der Endsumme geringfügige Abweichungen ergeben.;;;;;;;;;
# ;;;;;;;;;
Land;Geschlecht;Geburtsjahresgruppe;Wahlberechtigte;Wahlberechtigte ohne Wahlscheinvermerk;Wahlberechtigte mit Wahlscheinvermerk;Wähler/-innen;Wähler/-innen ohne Wahlschein;Wähler/-innen mit Wahlschein;Wahlbeteiligung
Bund;Summe;Summe;61688485;47595800;14092685;46976341;33466999;13509342;76,2
Bund;Summe;1997 - 1999;2045501;1709333;336168;1429282;1106864;322418;69,9
Bund;Summe;1993 - 1996;2902998;2295723;607275;1944182;1361784;582398;67,0
Bund;Summe;1988 - 1992;4206014;3311417;894597;2883700;2026305;857396;68,6
Bund;Summe;1983 - 1987;4302277;3455795;846482;3098738;2287709;811028;72,0
Bund;Summe;1978 - 1982;4264347;3490155;774193;3173342;2431453;741889;74,4
Bund;Summe;1973 - 1977;3953481;3273575;679906;3015509;2363836;651673;76,3
Bund;Summe;1968 - 1972;5230865;4232089;998776;4124009;3166501;957509;78,8
Bund;Summe;1958 - 1967;12396299;9581842;2814457;9846543;7148202;2698341;79,4
Bund;Summe;1948 - 1957;9487267;6950185;2537081;7688512;5256189;2432323;81,0
Bund;Summe;1947 und früher;12899435;9295685;3603749;9772523;6318157;3454367;75,8
Bund;m;Summe;29812788;23372785;6440002;22760296;16586710;6173586;76,3
Bund;m;1997 - 1999;1046360;893024;153336;721922;574843;147079;69,0
Bund;m;1993 - 1996;1479600;1210140;269460;973508;715062;258446;65,8
Bund;m;1988 - 1992;2143419;1725440;417979;1436384;1035766;400618;67,0
Bund;m;1983 - 1987;2185551;1777746;407805;1546823;1156054;390769;70,8
Bund;m;1978 - 1982;2147986;1772715;375271;1574280;1214649;359631;73,3
Bund;m;1973 - 1977;1990144;1655475;334669;1497318;1176544;320774;75,2
Bund;m;1968 - 1972;2630344;2157384;472959;2050761;1597373;453388;78,0
Bund;m;1958 - 1967;6205978;4896721;1309258;4900232;3644991;1255241;79,0
Bund;m;1948 - 1957;4602052;3418179;1183873;3736870;2601831;1135040;81,2
Bund;m;1947 und früher;5381355;3865963;1515392;4322197;2869597;1452600;80,3
Bund;w;Summe;31875697;24223015;7652683;24216045;16880289;7335756;76,0
Bund;w;1997 - 1999;999140;816309;182832;707360;532021;175339;70,8
Bund;w;1993 - 1996;1423399;1085584;337815;970674;646721;323953;68,2
Bund;w;1988 - 1992;2062596;1585978;476618;1447316;990539;456777;70,2
Bund;w;1983 - 1987;2116726;1678049;438677;1551915;1131655;420259;73,3
Bund;w;1978 - 1982;2116362;1717440;398922;1599062;1216804;382258;75,6
Bund;w;1973 - 1977;1963337;1618100;345237;1518191;1187292;330899;77,3
Bund;w;1968 - 1972;2600522;2074705;525817;2073248;1569127;504121;79,7
Bund;w;1958 - 1967;6190321;4685122;1505199;4946311;3503211;1443101;79,9
Bund;w;1948 - 1957;4885215;3532006;1353209;3951642;2654359;1297283;80,9
Bund;w;1947 und früher;7518080;5429723;2088357;5450327;3448560;2001767;72,5
SH;Summe;Summe;2266012;1863610;402402;1729194;1344097;385097;76,3
SH;Summe;1997 - 1999;80977;70294;10683;55889;45665;10224;69,0
SH;Summe;1993 - 1996;102323;87374;14949;65796;51489;14307;64,3
SH;Summe;1988 - 1992;143252;122628;20624;92046;72308;19738;64,3
SH;Summe;1983 - 1987;139287;120500;18786;97380;79402;17979;69,9
SH;Summe;1978 - 1982;151111;132799;18312;110741;93216;17524;73,3
SH;Summe;1973 - 1977;147479;129504;17975;110914;93712;17202;75,2
SH;Summe;1968 - 1972;206462;177702;28760;161143;133619;27524;78,0
SH;Summe;1958 - 1967;468856;387057;81799;372094;293813;78281;79,4
SH;Summe;1948 - 1957;349585;269341;80244;289143;212349;76793;82,7
SH;Summe;1947 und früher;476680;366411;110269;374050;268523;105527;78,5
SH;m;Summe;1094736;907774;186962;833619;654698;178921;76,1
SH;m;1997 - 1999;41648;36616;5032;28699;23884;4815;68,9
SH;m;1993 - 1996;50477;43962;6515;32192;25957;6235;63,8
SH;m;1988 - 1992;73291;63439;9852;46202;36774;9428;63,0
SH;m;1983 - 1987;69324;60035;9289;47690;38801;8889;68,8
SH;m;1978 - 1982;73420;64468;8952;52381;43814;8567;71,3
SH;m;1973 - 1977;72621;63709;8912;53972;45443;8529;74,3
SH;m;1968 - 1972;102352;88958;13393;78278;65461;12818;76,5
SH;m;1958 - 1967;233656;195692;37964;182600;146269;36331;78,1
SH;m;1948 - 1957;167977;130674;37303;138267;102568;35699;82,3
SH;m;1947 und früher;209971;160222;49749;173338;125728;47610;82,6
SH;w;Summe;1171276;955836;215440;895575;689399;206176;76,5
SH;w;1997 - 1999;39329;33678;5651;27189;21781;5408;69,1
SH;w;1993 - 1996;51846;43411;8435;33604;25532;8072;64,8
SH;w;1988 - 1992;69962;59189;10772;45843;35534;10309;65,5
SH;w;1983 - 1987;69963;60465;9498;49690;40601;9089;71,0
SH;w;1978 - 1982;77692;68332;9360;58360;49403;8957;75,1
SH;w;1973 - 1977;74858;65796;9062;56942;48269;8673;76,1
SH;w;1968 - 1972;104110;88743;15367;82864;68158;14706;79,6
SH;w;1958 - 1967;235200;191365;43835;189495;147545;41950;80,6
SH;w;1948 - 1957;181608;138667;42941;150876;109781;41094;83,1
SH;w;1947 und früher;266709;206189;60520;200712;142795;57917;75,3
HH;Summe;Summe;1296656;907481;389175;984926;613874;371052;76,0
HH;Summe;1997 - 1999;47038;37427;9611;30285;21122;9163;64,4
HH;Summe;1993 - 1996;65376;48873;16503;42146;26411;15734;64,5
HH;Summe;1988 - 1992;112166;79627;32539;79519;48495;31024;70,9
HH;Summe;1983 - 1987;107666;78043;29623;80458;52214;28243;74,7
HH;Summe;1978 - 1982;106226;78188;28038;81083;54351;26732;76,3
HH;Summe;1973 - 1977;91457;70145;21313;71029;50709;20320;77,7
HH;Summe;1968 - 1972;111808;84487;27321;88120;62071;26049;78,8
HH;Summe;1958 - 1967;230732;167605;63127;180141;119954;60187;78,1
HH;Summe;1948 - 1957;157088;103132;53956;124212;72769;51443;79,1
HH;Summe;1947 und früher;267099;159954;107145;207932;105777;102156;77,8
HH;m;Summe;617125;443939;173186;464845;299724;165121;75,3
HH;m;1997 - 1999;23676;19313;4362;14969;10809;4159;63,2
HH;m;1993 - 1996;31810;25652;6158;19546;13675;5871;61,4
HH;m;1988 - 1992;54601;40412;14189;36822;23294;13528;67,4
HH;m;1983 - 1987;52598;38837;13760;38771;25651;13119;73,7
HH;m;1978 - 1982;53284;39879;13405;40267;27486;12781;75,6
HH;m;1973 - 1977;45251;35077;10174;34056;24355;9701;75,3
HH;m;1968 - 1972;56552;43721;12830;44122;31890;12233;78,0
HH;m;1958 - 1967;114556;85257;29299;88778;60843;27934;77,5
HH;m;1948 - 1957;74819;50631;24189;58686;35624;23063;78,4
HH;m;1947 und früher;109979;65159;44819;88830;46097;42732;80,8
HH;w;Summe;679531;463542;215989;520081;314150;205931;76,5
HH;w;1997 - 1999;23362;18114;5249;15317;10313;5004;65,6
HH;w;1993 - 1996;33567;23221;10345;22600;12737;9863;67,3
HH;w;1988 - 1992;57564;39214;18350;42697;25202;17496;74,2
HH;w;1983 - 1987;55068;39206;15863;41687;26563;15124;75,7
HH;w;1978 - 1982;52942;38309;14633;40817;26866;13951;77,1
HH;w;1973 - 1977;46206;35068;11138;36973;26354;10620;80,0
HH;w;1968 - 1972;55257;40766;14491;43998;30182;13816;79,6
HH;w;1958 - 1967;116176;82348;33828;91363;59110;32253;78,6
HH;w;1948 - 1957;82268;52502;29767;65526;37145;28380;79,6
HH;w;1947 und früher;157121;94795;62326;119103;59679;59424;75,8
NI;Summe;Summe;6124582;5041837;1082745;4681871;3646787;1035084;76,4
NI;Summe;1997 - 1999;220877;194746;26131;150804;125824;24980;68,3
NI;Summe;1993 - 1996;295748;249477;46271;196810;152576;44234;66,5
NI;Summe;1988 - 1992;388698;330576;58122;258488;202925;55563;66,5
NI;Summe;1983 - 1987;390834;336335;54500;276670;224569;52101;70,8
NI;Summe;1978 - 1982;398965;348556;50410;295577;247387;48191;74,1
NI;Summe;1973 - 1977;392396;344623;47773;300948;255278;45670;76,7
NI;Summe;1968 - 1972;545503;469781;75722;426340;353951;72389;78,2
NI;Summe;1958 - 1967;1252395;1039329;213066;985963;782276;203687;78,7
NI;Summe;1948 - 1957;942228;739343;202885;774471;580516;193955;82,2
NI;Summe;1947 und früher;1296937;989071;307866;1015800;721486;294314;78,3
NI;m;Summe;2969567;2469106;500460;2272419;1793989;478431;76,5
NI;m;1997 - 1999;113086;100978;12107;76181;64606;11574;67,4
NI;m;1993 - 1996;151239;130476;20763;98580;78731;19849;65,2
NI;m;1988 - 1992;199006;170959;28047;129835;103022;26812;65,2
NI;m;1983 - 1987;198834;172552;26282;136793;111668;25125;68,8
NI;m;1978 - 1982;195248;171645;23603;142483;119919;22564;73,0
NI;m;1973 - 1977;194887;171132;23755;147002;124292;22710;75,4
NI;m;1968 - 1972;273246;237000;36247;212481;177830;34651;77,8
NI;m;1958 - 1967;629085;528867;100217;492551;396746;95806;78,3
NI;m;1948 - 1957;460176;365561;94615;378835;288384;90450;82,3
NI;m;1947 und früher;554760;419937;134823;457679;328791;128888;82,5
NI;w;Summe;3155015;2572731;582285;2409452;1852798;556653;76,4
NI;w;1997 - 1999;107791;93768;14023;74623;61217;13406;69,2
NI;w;1993 - 1996;144509;119002;25508;98230;73845;24385;68,0
NI;w;1988 - 1992;189692;159617;30075;128653;99903;28751;67,8
NI;w;1983 - 1987;192001;163783;28218;139877;112901;26975;72,9
NI;w;1978 - 1982;203718;176911;26806;153095;127468;25626;75,2
NI;w;1973 - 1977;197508;173491;24018;153946;130985;22960;77,9
NI;w;1968 - 1972;272257;232782;39475;213859;176121;37738;78,6
NI;w;1958 - 1967;623311;510462;112849;493411;385530;107881;79,2
NI;w;1948 - 1957;482052;373782;108270;395636;292132;103504;82,1
NI;w;1947 und früher;742177;569134;173043;558121;392695;165426;75,2
HB;Summe;Summe;474151;383853;90298;335919;250196;85723;70,8
HB;Summe;1997 - 1999;14622;12669;1953;8565;6711;1854;58,6
HB;Summe;1993 - 1996;31825;25664;6161;18949;13100;5849;59,5
HB;Summe;1988 - 1992;42196;34452;7744;26898;19546;7352;63,7
HB;Summe;1983 - 1987;33994;27833;6161;23466;17617;5849;69,0
HB;Summe;1978 - 1982;29980;25648;4332;20459;16347;4112;68,2
HB;Summe;1973 - 1977;29086;24756;4330;19611;15500;4111;67,4
HB;Summe;1968 - 1972;37725;31682;6043;27135;21398;5737;71,9
HB;Summe;1958 - 1967;90186;74419;15767;66138;51170;14968;73,3
HB;Summe;1948 - 1957;69031;53678;15353;52648;38073;14575;76,3
HB;Summe;1947 und früher;95505;73052;22453;72050;50735;21316;75,4
HB;m;Summe;232231;191185;41046;162468;123501;38966;70,0
HB;m;1997 - 1999;7843;6894;949;4490;3589;901;57,2
HB;m;1993 - 1996;15748;13198;2550;9383;6962;2421;59,6
HB;m;1988 - 1992;22105;18567;3538;13389;10030;3359;60,6
HB;m;1983 - 1987;17642;14541;3101;12295;9351;2944;69,7
HB;m;1978 - 1982;15725;13517;2207;10342;8247;2095;65,8
HB;m;1973 - 1977;14576;12689;1888;9384;7592;1792;64,4
HB;m;1968 - 1972;19792;16873;2920;13932;11160;2772;70,4
HB;m;1958 - 1967;44822;38003;6819;32133;25660;6473;71,7
HB;m;1948 - 1957;33496;26117;7380;25290;18284;7006;75,5
HB;m;1947 und früher;40481;30786;9695;31830;22627;9204;78,6
HB;w;Summe;241920;192668;49252;173451;126695;46757;71,7
HB;w;1997 - 1999;6779;5775;1004;4075;3122;953;60,1
HB;w;1993 - 1996;16077;12466;3611;9567;6138;3428;59,5
HB;w;1988 - 1992;20091;15885;4206;13509;9516;3993;67,2
HB;w;1983 - 1987;16352;13292;3060;11171;8266;2905;68,3
HB;w;1978 - 1982;14255;12131;2125;10117;8100;2017;71,0
HB;w;1973 - 1977;14510;12068;2442;10227;7908;2318;70,5
HB;w;1968 - 1972;17933;14809;3124;13203;10238;2965;73,6
HB;w;1958 - 1967;45364;36416;8949;34005;25510;8495;75,0
HB;w;1948 - 1957;35534;27561;7973;27358;19789;7569;77,0
HB;w;1947 und früher;55024;42265;12758;40220;28108;12112;73,1
NW;Summe;Summe;13174577;9972990;3201587;9938461;6863478;3074983;75,4
NW;Summe;1997 - 1999;472771;399392;73379;317630;247153;70478;67,2
NW;Summe;1993 - 1996;695194;554746;140447;452323;317430;134893;65,1
NW;Summe;1988 - 1992;937951;740961;196990;627170;437970;189200;66,9
NW;Summe;1983 - 1987;901859;726235;175624;632083;463404;168679;70,1
NW;Summe;1978 - 1982;870944;709317;161628;634291;479055;155236;72,8
NW;Summe;1973 - 1977;846622;698115;148507;629657;487023;142634;74,4
NW;Summe;1968 - 1972;1131391;907096;224295;875539;660114;215425;77,4
NW;Summe;1958 - 1967;2653453;2007810;645643;2098075;1477963;620112;79,1
NW;Summe;1948 - 1957;1975512;1379479;596033;1594531;1022068;572464;80,7
NW;Summe;1947 und früher;2688881;1849840;839042;2077161;1271299;805863;77,3
NW;m;Summe;6311119;4866508;1444611;4769097;3381612;1387485;75,6
NW;m;1997 - 1999;242714;207533;35181;160136;126346;33790;66,0
NW;m;1993 - 1996;354224;291841;62383;226997;167081;59916;64,1
NW;m;1988 - 1992;471859;380858;91001;309025;221622;87403;65,5
NW;m;1983 - 1987;453387;370349;83038;312388;232634;79755;68,9
NW;m;1978 - 1982;435014;357466;77547;313096;238616;74481;72,0
NW;m;1973 - 1977;418122;347051;71071;307205;238944;68260;73,5
NW;m;1968 - 1972;563667;457993;105674;433038;331543;101495;76,8
NW;m;1958 - 1967;1321573;1023753;297820;1040241;754198;286043;78,7
NW;m;1948 - 1957;952444;674351;278092;772404;505308;267096;81,1
NW;m;1947 und früher;1098115;755313;342802;894566;565320;329246;81,5
NW;w;Summe;6863458;5106482;1756976;5169364;3481866;1687498;75,3
NW;w;1997 - 1999;230057;191859;38198;157494;120807;36688;68,5
NW;w;1993 - 1996;340970;262906;78064;225326;150349;74977;66,1
NW;w;1988 - 1992;466091;360103;105988;318145;216348;101797;68,3
NW;w;1983 - 1987;448471;355886;92585;319694;230770;88924;71,3
NW;w;1978 - 1982;435930;351850;84080;321195;240439;80755;73,7
NW;w;1973 - 1977;428500;351064;77436;322452;248079;74374;75,3
NW;w;1968 - 1972;567724;449103;118620;442501;328572;113930;77,9
NW;w;1958 - 1967;1331879;984057;347823;1057833;723765;334068;79,4
NW;w;1948 - 1957;1023068;705127;317941;822127;516759;305368;80,4
NW;w;1947 und früher;1590766;1094526;496240;1182595;705978;476617;74,3
HE;Summe;Summe;4408986;3459762;949224;3395441;2484226;911215;77,0
HE;Summe;1997 - 1999;152691;132659;20032;108616;89385;19230;71,1
HE;Summe;1993 - 1996;216866;178092;38774;145939;108717;37221;67,3
HE;Summe;1988 - 1992;297065;241034;56031;203432;149644;53787;68,5
HE;Summe;1983 - 1987;298212;244077;54134;210139;158172;51967;70,5
HE;Summe;1978 - 1982;295241;247057;48184;218321;172066;46254;73,9
HE;Summe;1973 - 1977;283266;238192;45074;216669;173400;43269;76,5
HE;Summe;1968 - 1972;381818;316965;64853;305253;242996;62256;79,9
HE;Summe;1958 - 1967;897039;703523;193516;728034;542267;185767;81,2
HE;Summe;1948 - 1957;681394;502607;178787;560501;388874;171628;82,3
HE;Summe;1947 und früher;905394;655555;249839;698539;458704;239835;77,2
HE;m;Summe;2135718;1702871;432847;1648988;1233473;415515;77,2
HE;m;1997 - 1999;79525;70475;9050;56236;47548;8688;70,7
HE;m;1993 - 1996;109982;94624;15358;72342;57599;14743;65,8
HE;m;1988 - 1992;152633;126919;25714;102312;77628;24684;67,0
HE;m;1983 - 1987;151345;125436;25909;105705;80833;24872;69,8
HE;m;1978 - 1982;146645;122547;24099;107421;84287;23134;73,3
HE;m;1973 - 1977;142109;119790;22319;106939;85514;21425;75,3
HE;m;1968 - 1972;192015;161836;30179;152195;123224;28971;79,3
HE;m;1958 - 1967;446388;357950;88439;360851;275954;84898;80,8
HE;m;1948 - 1957;333354;248252;85103;275246;193551;81695;82,6
HE;m;1947 und früher;381720;275043;106677;309741;207336;102405;81,1
HE;w;Summe;2273268;1756891;516377;1746453;1250753;495700;76,8
HE;w;1997 - 1999;73166;62184;10982;52379;41837;10542;71,6
HE;w;1993 - 1996;106883;83467;23416;73597;51118;22478;68,9
HE;w;1988 - 1992;144432;114115;30317;101120;72017;29103;70,0
HE;w;1983 - 1987;146867;118641;28225;104434;77339;27095;71,1
HE;w;1978 - 1982;148595;124511;24085;110900;87780;23120;74,6
HE;w;1973 - 1977;141157;118402;22755;109730;87886;21843;77,7
HE;w;1968 - 1972;189803;155129;34674;153058;119772;33286;80,6
HE;w;1958 - 1967;450651;345574;105077;367183;266313;100870;81,5
HE;w;1948 - 1957;348040;254356;93684;285255;195322;89933;82,0
HE;w;1947 und früher;523675;380512;143162;388798;251368;137430;74,2
RP;Summe;Summe;3080591;2212145;868446;2392093;1557157;834936;77,7
RP;Summe;1997 - 1999;113317;89593;23725;82726;59917;22809;73,0
RP;Summe;1993 - 1996;158220;117633;40588;109288;70267;39021;69,1
RP;Summe;1988 - 1992;208519;160532;47987;140170;94034;46136;67,2
RP;Summe;1983 - 1987;199705;153873;45832;143717;99654;44063;72,0
RP;Summe;1978 - 1982;204884;160054;44831;154905;111804;43101;75,6
RP;Summe;1973 - 1977;187300;148301;38999;143631;106137;37494;76,7
RP;Summe;1968 - 1972;256428;195826;60602;203954;145690;58264;79,5
RP;Summe;1958 - 1967;639737;453415;186322;517000;337867;179133;80,8
RP;Summe;1948 - 1957;502795;336540;166255;417150;257310;159840;83,0
RP;Summe;1947 und früher;609686;396380;213306;479553;274477;205075;78,7
RP;m;Summe;1489083;1093655;395429;1159189;779018;380170;77,8
RP;m;1997 - 1999;56200;45902;10298;39814;29913;9901;70,8
RP;m;1993 - 1996;81128;62877;18250;55412;37866;17546;68,3
RP;m;1988 - 1992;106641;83743;22898;70241;48227;22014;65,9
RP;m;1983 - 1987;99761;78273;21488;69892;49233;20659;70,1
RP;m;1978 - 1982;101996;80669;21327;76021;55517;20504;74,5
RP;m;1973 - 1977;92043;73532;18511;69783;51986;17797;75,8
RP;m;1968 - 1972;127502;100265;27237;100278;74092;26186;78,6
RP;m;1958 - 1967;318200;232067;86133;256728;173918;82810;80,7
RP;m;1948 - 1957;247120;168350;78770;206446;130716;75731;83,5
RP;m;1947 und früher;258492;167976;90516;214574;127550;87023;83,0
RP;w;Summe;1591508;1118490;473017;1232904;778139;454766;77,5
RP;w;1997 - 1999;57117;43690;13427;42912;30003;12909;75,1
RP;w;1993 - 1996;77093;54755;22337;53876;32401;21476;69,9
RP;w;1988 - 1992;101879;76789;25089;69929;45808;24121;68,6
RP;w;1983 - 1987;99943;75600;24343;73825;50421;23404;73,9
RP;w;1978 - 1982;102889;79385;23504;78884;56287;22597;76,7
RP;w;1973 - 1977;95256;74769;20488;73848;54151;19697;77,5
RP;w;1968 - 1972;128926;95561;33365;103675;71598;32078;80,4
RP;w;1958 - 1967;321536;221348;100189;260272;163949;96323;80,9
RP;w;1948 - 1957;255674;168189;87485;210703;126594;84109;82,4
RP;w;1947 und früher;351193;228403;122790;264979;146927;118052;75,5
BW;Summe;Summe;7732597;6002195;1730402;6053943;4398743;1655200;78,3
BW;Summe;1997 - 1999;275733;231926;43807;199751;157848;41903;72,4
BW;Summe;1993 - 1996;409164;323466;85699;285183;203208;81974;69,7
BW;Summe;1988 - 1992;557382;431090;126292;404626;283822;120803;72,6
BW;Summe;1983 - 1987;552439;439170;113269;419574;311227;108346;75,9
BW;Summe;1978 - 1982;534421;435305;99116;409714;314906;94808;76,7
BW;Summe;1973 - 1977;502204;419582;82622;390292;311261;79031;77,7
BW;Summe;1968 - 1972;659414;539458;119956;532939;418196;114743;80,8
BW;Summe;1958 - 1967;1549111;1205667;343444;1263896;935378;328518;81,6
BW;Summe;1948 - 1957;1130238;831064;299174;938043;651871;286172;83,0
BW;Summe;1947 und früher;1562490;1145466;417024;1209925;811024;398900;77,4
BW;m;Summe;3758152;2955903;802250;2960459;2193074;767384;78,8
BW;m;1997 - 1999;141885;122815;19070;102476;84235;18241;72,2
BW;m;1993 - 1996;211758;171827;39931;145839;107644;38195;68,9
BW;m;1988 - 1992;284694;224514;60180;203586;146021;57565;71,5
BW;m;1983 - 1987;279063;224042;55020;209745;157116;52629;75,2
BW;m;1978 - 1982;270019;221429;48590;205598;159120;46479;76,1
BW;m;1973 - 1977;253207;211090;42117;194513;154226;40287;76,8
BW;m;1968 - 1972;328534;270381;58153;262590;206965;55625;79,9
BW;m;1958 - 1967;780724;619971;160753;636415;482648;153767;81,5
BW;m;1948 - 1957;546719;407041;139679;456194;322586;133609;83,4
BW;m;1947 und früher;661549;482793;178755;543503;372516;170987;82,2
BW;w;Summe;3974445;3046292;928152;3093484;2205669;887816;77,8
BW;w;1997 - 1999;133849;109112;24737;97275;73613;23662;72,7
BW;w;1993 - 1996;197406;151638;45768;139343;95565;43779;70,6
BW;w;1988 - 1992;272688;206576;66112;201040;137802;63238;73,7
BW;w;1983 - 1987;273377;215128;58249;209829;154112;55717;76,8
BW;w;1978 - 1982;264402;213876;50525;204116;155786;48330;77,2
BW;w;1973 - 1977;248997;208493;40504;195779;157035;38744;78,6
BW;w;1968 - 1972;330880;269076;61803;270349;211231;59118;81,7
BW;w;1958 - 1967;768387;585696;182691;627482;452731;174751;81,7
BW;w;1948 - 1957;583519;424024;159495;481849;329285;152563;82,6
BW;w;1947 und früher;900941;662673;238268;666422;438509;227914;74,0
BY;Summe;Summe;9522371;6629989;2892382;7441006;4654451;2786555;78,1
BY;Summe;1997 - 1999;336114;252908;83206;252480;172318;80162;75,1
BY;Summe;1993 - 1996;495365;348525;146840;352705;211237;141468;71,2
BY;Summe;1988 - 1992;679195;471811;207384;492034;292237;199797;72,4
BY;Summe;1983 - 1987;661043;470996;190047;498538;315445;183093;75,4
BY;Summe;1978 - 1982;668303;494476;173826;513569;346103;167466;76,8
BY;Summe;1973 - 1977;626885;473628;153258;495304;347654;147650;79,0
BY;Summe;1968 - 1972;831694;606273;225421;671252;454079;217173;80,7
BY;Summe;1958 - 1967;1906057;1329288;576769;1552274;996608;555666;81,4
BY;Summe;1948 - 1957;1387685;923825;463861;1144181;697292;446889;82,5
BY;Summe;1947 und früher;1930030;1258260;671770;1468669;821478;647191;76,1
BY;m;Summe;4606628;3272980;1333649;3628084;2343231;1284853;78,8
BY;m;1997 - 1999;169134;130912;38222;124642;87818;36824;73,7
BY;m;1993 - 1996;252287;185576;66712;177471;113200;64271;70,3
BY;m;1988 - 1992;348572;252052;96520;246917;153928;92989;70,8
BY;m;1983 - 1987;340007;247138;92869;253760;164289;89471;74,6
BY;m;1978 - 1982;330937;246772;84165;252878;171792;81086;76,4
BY;m;1973 - 1977;315141;240253;74888;247498;175351;72148;78,5
BY;m;1968 - 1972;410792;305017;105774;331023;229119;101904;80,6
BY;m;1958 - 1967;956265;684481;271784;776221;514381;261840;81,2
BY;m;1948 - 1957;676292;459694;216597;560303;351631;208672;82,8
BY;m;1947 und früher;807201;521084;286117;657371;381723;275648;81,4
BY;w;Summe;4915743;3357009;1558733;3812922;2311220;1501702;77,6
BY;w;1997 - 1999;166980;121996;44984;127837;84500;43338;76,6
BY;w;1993 - 1996;243077;162949;80128;175234;98037;77197;72,1
BY;w;1988 - 1992;330623;219758;110864;245117;138309;106808;74,1
BY;w;1983 - 1987;321036;223858;97178;244778;151156;93622;76,2
BY;w;1978 - 1982;337365;247704;89661;260692;174311;86381;77,3
BY;w;1973 - 1977;311744;233375;78370;247806;172303;75502;79,5
BY;w;1968 - 1972;420902;301255;119646;340229;224960;115269;80,8
BY;w;1958 - 1967;949792;644807;304985;776054;482227;293826;81,7
BY;w;1948 - 1957;711393;464130;247263;583877;345661;238216;82,1
BY;w;1947 und früher;1122830;737176;385653;811298;439755;371543;72,3
SL;Summe;Summe;777264;617248;160016;595411;440581;154830;76,6
SL;Summe;1997 - 1999;23231;20654;2577;15839;13345;2494;68,2
SL;Summe;1993 - 1996;36781;31566;5215;23664;18619;5046;64,3
SL;Summe;1988 - 1992;51518;44050;7469;34003;26776;7227;66,0
SL;Summe;1983 - 1987;48041;42175;5866;32755;27078;5676;68,2
SL;Summe;1978 - 1982;48735;42940;5795;35426;29819;5607;72,7
SL;Summe;1973 - 1977;45029;38552;6477;34231;27964;6267;76,0
SL;Summe;1968 - 1972;60016;50712;9305;46576;37573;9003;77,6
SL;Summe;1958 - 1967;159302;126290;33012;128612;96669;31942;80,7
SL;Summe;1948 - 1957;134185;99224;34961;109812;75984;33828;81,8
SL;Summe;1947 und früher;170425;121087;49338;134493;86754;47739;78,9
SL;m;Summe;376616;305206;71410;287419;218324;69095;76,3
SL;m;1997 - 1999;12250;11105;1145;8726;7618;1108;71,2
SL;m;1993 - 1996;19488;17416;2071;11898;9894;2004;61,1
SL;m;1988 - 1992;25911;22618;3293;16802;13615;3187;64,8
SL;m;1983 - 1987;25060;22040;3021;16706;13783;2923;66,7
SL;m;1978 - 1982;24383;21548;2835;17475;14731;2743;71,7
SL;m;1973 - 1977;22526;19368;3157;16372;13317;3055;72,7
SL;m;1968 - 1972;30565;26303;4262;23655;19531;4124;77,4
SL;m;1958 - 1967;79623;64175;15448;63318;48371;14947;79,5
SL;m;1948 - 1957;65916;49565;16351;53496;37676;15821;81,2
SL;m;1947 und früher;70894;51068;19826;58971;39788;19184;83,2
SL;w;Summe;400648;312042;88606;307992;222257;85735;76,9
SL;w;1997 - 1999;10981;9549;1432;7113;5727;1386;64,8
SL;w;1993 - 1996;17293;14150;3143;11766;8725;3042;68,0
SL;w;1988 - 1992;25607;21432;4176;17201;13161;4040;67,2
SL;w;1983 - 1987;22981;20135;2846;16048;13295;2753;69,8
SL;w;1978 - 1982;24352;21392;2959;17951;15088;2864;73,7
SL;w;1973 - 1977;22503;19183;3320;17860;14647;3212;79,4
SL;w;1968 - 1972;29451;24408;5043;22922;18042;4879;77,8
SL;w;1958 - 1967;79679;62114;17565;65294;48298;16995;81,9
SL;w;1948 - 1957;68269;49658;18611;56315;38308;18008;82,5
SL;w;1947 und früher;99531;70019;29512;75522;46967;28555;75,9
BE;Summe;Summe;2503070;1816893;686177;1892134;1252179;639955;75,6
BE;Summe;1997 - 1999;65932;54710;11223;45457;34991;10467;68,9
BE;Summe;1993 - 1996;101887;81096;20791;67693;48302;19391;66,4
BE;Summe;1988 - 1992;202465;152614;49851;142208;95716;46492;70,2
BE;Summe;1983 - 1987;225790;168686;57104;169922;116669;53254;75,3
BE;Summe;1978 - 1982;208098;160070;48028;159607;114818;44789;76,7
BE;Summe;1973 - 1977;168964;131125;37839;130628;95342;35287;77,3
BE;Summe;1968 - 1972;198492;150647;47846;159027;114406;44621;80,1
BE;Summe;1958 - 1967;467775;340212;127564;364625;245655;118970;77,9
BE;Summe;1948 - 1957;348687;235906;112780;272997;167812;105185;78,3
BE;Summe;1947 und früher;514979;341828;173152;379969;218470;161500;73,8
BE;m;Summe;1203120;895307;307813;905905;618828;287077;75,3
BE;m;1997 - 1999;32592;27814;4778;22088;17632;4456;67,8
BE;m;1993 - 1996;49725;41188;8537;32340;24377;7962;65,0
BE;m;1988 - 1992;100774;78507;22266;68627;47860;20766;68,1
BE;m;1983 - 1987;111891;85702;26189;82347;57923;24424;73,6
BE;m;1978 - 1982;108159;85335;22824;80110;58825;21285;74,1
BE;m;1973 - 1977;85712;67046;18666;65371;47964;17407;76,3
BE;m;1968 - 1972;103924;80450;23474;81155;59263;21892;78,1
BE;m;1958 - 1967;235412;175564;59848;183110;127293;55817;77,8
BE;m;1948 - 1957;166129;115037;51093;129637;81986;47651;78,0
BE;m;1947 und früher;208802;138665;70137;161122;95705;65417;77,2
BE;w;Summe;1299950;921586;378364;986229;633351;352878;75,9
BE;w;1997 - 1999;33340;26896;6444;23370;17359;6011;70,1
BE;w;1993 - 1996;52162;39909;12254;35353;23925;11429;67,8
BE;w;1988 - 1992;101691;74107;27585;73581;47856;25726;72,4
BE;w;1983 - 1987;113899;82984;30915;87575;58746;28830;76,9
BE;w;1978 - 1982;99939;74735;25204;79497;55993;23504;79,5
BE;w;1973 - 1977;83252;64079;19173;65257;47378;17879;78,4
BE;w;1968 - 1972;94569;70197;24372;77873;55144;22729;82,3
BE;w;1958 - 1967;232363;164647;67715;181515;118362;63153;78,1
BE;w;1948 - 1957;182557;120869;61688;143360;85826;57534;78,5
BE;w;1947 und früher;306178;203163;103015;218847;122764;96083;71,5
BE-O;Summe;Summe;1046751;777676;269075;792630;541808;250822;75,7
BE-O;Summe;1997 - 1999;23252;19134;4119;16080;12241;3839;69,2
BE-O;Summe;1993 - 1996;35331;28244;7088;23497;16890;6607;66,5
BE-O;Summe;1988 - 1992;84608;63902;20706;60162;40861;19302;71,1
BE-O;Summe;1983 - 1987;110284;83135;27148;83424;58117;25307;75,6
BE-O;Summe;1978 - 1982;103928;80000;23928;79890;57585;22305;76,9
BE-O;Summe;1973 - 1977;81474;62042;19432;64242;46129;18114;78,9
BE-O;Summe;1968 - 1972;88074;66950;21124;70598;50906;19691;80,2
BE-O;Summe;1958 - 1967;192769;141840;50928;150618;103145;47474;78,1
BE-O;Summe;1948 - 1957;143362;101449;41913;113210;74140;39070;79,0
BE-O;Summe;1947 und früher;183668;130980;52688;130908;81794;49114;71,3
BE-O;m;Summe;506610;384841;121769;381980;268472;113509;75,4
BE-O;m;1997 - 1999;11857;9960;1897;8125;6357;1768;68,5
BE-O;m;1993 - 1996;16491;13554;2937;10700;7962;2738;64,9
BE-O;m;1988 - 1992;41723;32840;8882;28442;20163;8280;68,2
BE-O;m;1983 - 1987;54440;42406;12034;40079;28861;11218;73,6
BE-O;m;1978 - 1982;53994;42845;11150;40085;29692;10393;74,2
BE-O;m;1973 - 1977;41910;32808;9102;32263;23778;8485;77,0
BE-O;m;1968 - 1972;46755;36301;10454;36552;26808;9745;78,2
BE-O;m;1958 - 1967;96654;72937;23717;74712;52604;22108;77,3
BE-O;m;1948 - 1957;68812;49031;19781;54612;36173;18439;79,4
BE-O;m;1947 und früher;73975;52159;21816;56411;36074;20336;76,3
BE-O;w;Summe;540141;392835;147306;410650;273336;137313;76,0
BE-O;w;1997 - 1999;11396;9174;2222;7956;5885;2071;69,8
BE-O;w;1993 - 1996;18840;14690;4151;12797;8928;3869;67,9
BE-O;w;1988 - 1992;42885;31062;11824;31720;20698;11022;74,0
BE-O;w;1983 - 1987;55844;40730;15114;43345;29257;14089;77,6
BE-O;w;1978 - 1982;49934;37155;12779;39805;27893;11912;79,7
BE-O;w;1973 - 1977;39564;29234;10330;31979;22350;9629;80,8
BE-O;w;1968 - 1972;41319;30649;10671;34045;24099;9947;82,4
BE-O;w;1958 - 1967;96115;68903;27212;75906;50540;25366;79,0
BE-O;w;1948 - 1957;74550;52418;22133;58598;37967;20631;78,6
BE-O;w;1947 und früher;109693;78821;30872;74498;45720;28778;67,9
BE-W;Summe;Summe;1456319;1039217;417102;1099504;710371;389133;75,5
BE-W;Summe;1997 - 1999;42680;35576;7104;29377;22749;6628;68,8
BE-W;Summe;1993 - 1996;66556;52853;13703;44196;31412;12784;66,4
BE-W;Summe;1988 - 1992;117857;88712;29145;82046;54855;27190;69,6
BE-W;Summe;1983 - 1987;115506;85550;29956;86498;58551;27947;74,9
BE-W;Summe;1978 - 1982;104170;80070;24100;79717;57233;22484;76,5
BE-W;Summe;1973 - 1977;87490;69082;18407;66386;49213;17173;75,9
BE-W;Summe;1968 - 1972;110419;83697;26721;88430;63500;24929;80,1
BE-W;Summe;1958 - 1967;275007;198371;76635;214006;142510;71497;77,8
BE-W;Summe;1948 - 1957;205324;134457;70867;159787;93672;66115;77,8
BE-W;Summe;1947 und früher;331311;210847;120463;249061;136676;112385;75,2
BE-W;m;Summe;696510;510466;186044;523924;350356;173568;75,2
BE-W;m;1997 - 1999;20735;17854;2881;13963;11275;2688;67,3
BE-W;m;1993 - 1996;33234;27634;5600;21640;16415;5225;65,1
BE-W;m;1988 - 1992;59051;45667;13384;40184;27698;12487;68,0
BE-W;m;1983 - 1987;57451;43296;14155;42268;29062;13206;73,6
BE-W;m;1978 - 1982;54165;42490;11675;40024;29132;10892;73,9
BE-W;m;1973 - 1977;43802;34238;9564;33108;24185;8923;75,6
BE-W;m;1968 - 1972;57169;44149;13020;44602;32455;12147;78,0
BE-W;m;1958 - 1967;138759;102627;36132;108397;74689;33709;78,1
BE-W;m;1948 - 1957;97317;66005;31312;75025;45813;29212;77,1
BE-W;m;1947 und früher;134826;86506;48321;104712;59631;45081;77,7
BE-W;w;Summe;759809;528751;231058;575580;360015;215565;75,8
BE-W;w;1997 - 1999;21945;17722;4223;15414;11474;3940;70,2
BE-W;w;1993 - 1996;33322;25219;8103;22556;14997;7560;67,7
BE-W;w;1988 - 1992;58806;43045;15761;41862;27158;14704;71,2
BE-W;w;1983 - 1987;58055;42254;15801;44230;29489;14741;76,2
BE-W;w;1978 - 1982;50005;37580;12425;39693;28100;11592;79,4
BE-W;w;1973 - 1977;43688;34844;8843;33278;25027;8250;76,2
BE-W;w;1968 - 1972;53250;39548;13701;43827;31045;12782;82,3
BE-W;w;1958 - 1967;136248;95744;40504;105609;67821;37788;77,5
BE-W;w;1948 - 1957;108007;68452;39555;84762;47859;36903;78,5
BE-W;w;1947 und früher;196484;124342;72142;144349;77044;67305;73,5
BB;Summe;Summe;2051559;1709217;342342;1512145;1184611;327534;73,7
BB;Summe;1997 - 1999;50080;43011;7069;33461;26698;6763;66,8
BB;Summe;1993 - 1996;54184;45624;8560;32922;24732;8190;60,8
BB;Summe;1988 - 1992;100665;86643;14022;63754;50339;13415;63,3
BB;Summe;1983 - 1987;139564;123961;15603;94783;79855;14928;67,9
BB;Summe;1978 - 1982;148021;129301;18720;108358;90447;17911;73,2
BB;Summe;1973 - 1977;127278;111048;16231;95391;79862;15529;74,9
BB;Summe;1968 - 1972;164555;139632;24923;129303;105459;23845;78,6
BB;Summe;1958 - 1967;444484;368102;76382;344593;271515;73078;77,5
BB;Summe;1948 - 1957;359071;287574;71497;283494;215089;68405;79,0
BB;Summe;1947 und früher;463657;374322;89335;326087;240616;85471;70,3
BB;m;Summe;999485;840666;158819;735986;584037;151949;73,6
BB;m;1997 - 1999;26629;23719;2910;17591;14807;2784;66,1
BB;m;1993 - 1996;28617;24402;4216;16734;12700;4033;58,5
BB;m;1988 - 1992;51646;44603;7043;31522;24784;6738;61,0
BB;m;1983 - 1987;71169;63524;7645;46798;39483;7314;65,8
BB;m;1978 - 1982;76395;67419;8976;54227;45639;8588;71,0
BB;m;1973 - 1977;65808;57998;7810;48346;40873;7472;73,5
BB;m;1968 - 1972;82890;71159;11731;63416;52193;11223;76,5
BB;m;1958 - 1967;224944;188543;36401;172303;137476;34827;76,6
BB;m;1948 - 1957;176303;142197;34106;138640;106009;32631;78,6
BB;m;1947 und früher;195085;157104;37981;146410;110072;36338;75,0
BB;w;Summe;1052074;868551;183523;776159;600574;175585;73,8
BB;w;1997 - 1999;23451;19292;4159;15870;11890;3979;67,7
BB;w;1993 - 1996;25566;21222;4344;16188;12032;4156;63,3
BB;w;1988 - 1992;49019;42040;6979;32232;25555;6677;65,8
BB;w;1983 - 1987;68395;60437;7958;47986;40372;7614;70,2
BB;w;1978 - 1982;71627;61882;9744;54131;44808;9323;75,6
BB;w;1973 - 1977;61471;53050;8421;47045;38989;8056;76,5
BB;w;1968 - 1972;81665;68473;13192;65887;53266;12621;80,7
BB;w;1958 - 1967;219540;179559;39981;172290;134039;38251;78,5
BB;w;1948 - 1957;182768;145377;37391;144854;109080;35774;79,3
BB;w;1947 und früher;268572;217218;51354;179676;130543;49133;66,9
MV;Summe;Summe;1324614;1091095;233519;938587;713130;225457;70,9
MV;Summe;1997 - 1999;31103;26696;4407;18785;14530;4255;60,4
MV;Summe;1993 - 1996;39297;33019;6278;22800;16739;6061;58,0
MV;Summe;1988 - 1992;71841;62874;8967;40874;32217;8657;56,9
MV;Summe;1983 - 1987;92930;81121;11809;58785;47384;11402;63,3
MV;Summe;1978 - 1982;92050;82036;10014;60605;50937;9668;65,8
MV;Summe;1973 - 1977;74178;64938;9241;52182;43261;8922;70,3
MV;Summe;1968 - 1972;94600;80131;14469;70397;56428;13970;74,4
MV;Summe;1958 - 1967;277226;226347;50879;208126;159004;49122;75,1
MV;Summe;1948 - 1957;244633;192591;52042;191225;140980;50245;78,2
MV;Summe;1947 und früher;306756;241342;65413;214807;151652;63155;70,0
MV;m;Summe;643660;536449;107211;455435;351925;103510;70,8
MV;m;1997 - 1999;16006;13847;2159;9801;7717;2084;61,2
MV;m;1993 - 1996;21972;19053;2919;12098;9280;2818;55,1
MV;m;1988 - 1992;37531;33207;4324;20830;16655;4175;55,5
MV;m;1983 - 1987;48769;42683;6086;29761;23885;5876;61,0
MV;m;1978 - 1982;48246;42997;5249;31036;25969;5068;64,3
MV;m;1973 - 1977;39804;34794;5010;26794;21956;4837;67,3
MV;m;1968 - 1972;49922;42831;7091;36091;29245;6846;72,3
MV;m;1958 - 1967;137259;113963;23295;101206;78715;22491;73,7
MV;m;1948 - 1957;120868;96041;24827;93398;69428;23970;77,3
MV;m;1947 und früher;123283;97033;26251;94420;69076;25344;76,6
MV;w;Summe;680954;554646;126308;483152;361205;121947;71,0
MV;w;1997 - 1999;15097;12849;2249;8984;6813;2171;59,5
MV;w;1993 - 1996;17324;13965;3359;10702;7459;3243;61,8
MV;w;1988 - 1992;34310;29667;4643;20044;15562;4482;58,4
MV;w;1983 - 1987;44161;38438;5723;29024;23499;5525;65,7
MV;w;1978 - 1982;43804;39038;4765;29568;24968;4601;67,5
MV;w;1973 - 1977;34374;30144;4230;25389;21305;4084;73,9
MV;w;1968 - 1972;44678;37300;7378;34307;27183;7124;76,8
MV;w;1958 - 1967;139968;112384;27584;106921;80289;26632;76,4
MV;w;1948 - 1957;123765;96551;27215;97827;71552;26275;79,0
MV;w;1947 und früher;183472;144309;39163;120387;82576;37811;65,6
SN;Summe;Summe;3329550;2776879;552671;2509684;1977545;532139;75,4
SN;Summe;1997 - 1999;77215;67673;9542;54775;45587;9188;70,9
SN;Summe;1993 - 1996;98838;83179;15659;65795;50718;15077;66,6
SN;Summe;1988 - 1992;211789;176139;35650;148699;114373;34326;70,2
SN;Summe;1983 - 1987;259405;219700;39704;191791;153562;38229;73,9
SN;Summe;1978 - 1982;258041;221076;36964;196767;161176;35591;76,3
SN;Summe;1973 - 1977;214037;185825;28211;166865;139701;27163;78,0
SN;Summe;1968 - 1972;260443;224006;36437;210743;175660;35083;80,9
SN;Summe;1958 - 1967;622825;517812;105012;490392;389281;101111;78,7
SN;Summe;1948 - 1957;556839;454934;101905;439893;341774;98119;79,0
SN;Summe;1947 und früher;770120;626535;143585;543964;405713;138251;70,6
SN;m;Summe;1621196;1365986;255210;1226265;980536;245729;75,6
SN;m;1997 - 1999;39798;35546;4251;28277;24183;4093;71,1
SN;m;1993 - 1996;49403;42762;6641;32094;25700;6394;65,0
SN;m;1988 - 1992;108136;91810;16326;73745;58026;15719;68,2
SN;m;1983 - 1987;136241;116139;20101;98169;78814;19355;72,1
SN;m;1978 - 1982;137858;118883;18975;102538;84268;18270;74,4
SN;m;1973 - 1977;114662;99305;15357;89016;74229;14786;77,6
SN;m;1968 - 1972;136659;118335;18324;108599;90956;17643;79,5
SN;m;1958 - 1967;313992;264724;49268;243601;196163;47438;77,6
SN;m;1948 - 1957;266678;219575;47103;210157;164804;45353;78,8
SN;m;1947 und früher;317770;258907;58863;240069;183393;56676;75,5
SN;w;Summe;1708354;1410893;297461;1283419;997009;286410;75,1
SN;w;1997 - 1999;37417;32126;5291;26498;21404;5094;70,8
SN;w;1993 - 1996;49434;40416;9018;33701;25018;8683;68,2
SN;w;1988 - 1992;103653;84329;19324;74953;56347;18606;72,3
SN;w;1983 - 1987;123164;103561;19603;93622;74748;18874;76,0
SN;w;1978 - 1982;120183;102193;17989;94229;76908;17321;78,4
SN;w;1973 - 1977;99375;86520;12854;77849;65472;12377;78,3
SN;w;1968 - 1972;123784;105671;18113;102144;84704;17440;82,5
SN;w;1958 - 1967;308833;253089;55744;246791;193118;53673;79,9
SN;w;1948 - 1957;290161;235359;54802;229736;176970;52766;79,2
SN;w;1947 und früher;452350;367628;84722;303895;222320;81575;67,2
ST;Summe;Summe;1854891;1617344;237547;1263474;1036747;226727;68,1
ST;Summe;1997 - 1999;40598;36570;4029;25686;21841;3845;63,3
ST;Summe;1993 - 1996;46850;41559;5292;25681;20630;5051;54,8
ST;Summe;1988 - 1992;93428;84141;9287;55835;46971;8864;59,8
ST;Summe;1983 - 1987;121523;109564;11960;76543;65128;11415;63,0
ST;Summe;1978 - 1982;121836;110752;11084;79706;69127;10579;65,4
ST;Summe;1973 - 1977;107405;97758;9648;74401;65192;9208;69,3
ST;Summe;1968 - 1972;150994;135478;15516;109228;94419;14809;72,3
ST;Summe;1958 - 1967;392151;341575;50576;280872;232599;48273;71,6
ST;Summe;1948 - 1957;337340;286347;50993;249754;201083;48671;74,0
ST;Summe;1947 und früher;442765;373602;69163;285769;219757;66013;64,5
ST;m;Summe;898382;793297;105084;611639;511341;100298;68,1
ST;m;1997 - 1999;20835;19284;1551;12782;11301;1481;61,3
ST;m;1993 - 1996;23830;21570;2260;12542;10384;2157;52,6
ST;m;1988 - 1992;49045;44299;4746;27920;23390;4530;56,9
ST;m;1983 - 1987;63526;57631;5895;39322;33696;5626;61,9
ST;m;1978 - 1982;64092;58790;5303;40480;35419;5061;63,2
ST;m;1973 - 1977;55823;51187;4636;37671;33246;4425;67,5
ST;m;1968 - 1972;79629;72315;7314;55502;48521;6981;69,7
ST;m;1958 - 1967;197250;175003;22247;138008;116774;21233;70,0
ST;m;1948 - 1957;162756;139516;23240;120293;98111;22182;73,9
ST;m;1947 und früher;181595;153703;27893;127119;100497;26622;70,0
ST;w;Summe;956509;824047;132463;651835;525406;126429;68,1
ST;w;1997 - 1999;19763;17286;2477;12904;10540;2365;65,3
ST;w;1993 - 1996;23020;19989;3032;13140;10246;2894;57,1
ST;w;1988 - 1992;44382;39842;4540;27915;23581;4333;62,9
ST;w;1983 - 1987;57998;51933;6065;37221;31432;5789;64,2
ST;w;1978 - 1982;57743;51962;5781;39225;33708;5518;67,9
ST;w;1973 - 1977;51582;46570;5012;36729;31946;4783;71,2
ST;w;1968 - 1972;71365;63163;8203;53726;45897;7829;75,3
ST;w;1958 - 1967;194902;166572;28330;142864;115825;27039;73,3
ST;w;1948 - 1957;174584;146830;27753;129461;102972;26489;74,2
ST;w;1947 und früher;261170;219899;41270;158650;119260;39391;60,7
TH;Summe;Summe;1767014;1493262;273752;1312052;1049197;262855;74,3
TH;Summe;1997 - 1999;43200;38407;4794;28534;23931;4603;66,0
TH;Summe;1993 - 1996;55081;45832;9249;36488;27608;8881;66,2
TH;Summe;1988 - 1992;107885;92247;15638;73946;58931;15016;68,5
TH;Summe;1983 - 1987;129985;113525;16459;92134;76329;15804;70,9
TH;Summe;1978 - 1982;127491;112579;14912;94214;79895;14318;73,9
TH;Summe;1973 - 1977;109895;97485;12411;83756;71839;11917;76,2
TH;Summe;1968 - 1972;139521;122213;17307;107059;90440;16619;76,7
TH;Summe;1958 - 1967;344970;293392;51578;265708;216184;49525;77,0
TH;Summe;1948 - 1957;310956;254601;56355;246459;192347;54112;79,3
TH;Summe;1947 und früher;398031;322982;75049;283755;211694;72061;71,3
TH;m;Summe;855969;731952;124017;638480;519399;119081;74,6
TH;m;1997 - 1999;22541;20271;2270;15014;12835;2179;66,6
TH;m;1993 - 1996;27912;23715;4196;18042;14012;4029;64,6
TH;m;1988 - 1992;56973;48933;8040;38611;30891;7720;67,8
TH;m;1983 - 1987;66935;58825;8110;46681;38894;7787;69,7
TH;m;1978 - 1982;66563;59351;7213;47928;41003;6925;72,0
TH;m;1973 - 1977;57851;51455;6396;43396;37255;6141;75,0
TH;m;1968 - 1972;72303;63947;8357;54407;46383;8024;75,2
TH;m;1958 - 1967;172230;148707;23523;132170;109584;22586;76,7
TH;m;1948 - 1957;151002;125578;25425;119577;95164;24413;79,2
TH;m;1947 und früher;161659;131170;30489;122654;93378;29275;75,9
TH;w;Summe;911045;761310;149735;673572;529798;143774;73,9
TH;w;1997 - 1999;20659;18135;2524;13519;11096;2424;65,4
TH;w;1993 - 1996;27169;22117;5053;18447;13595;4851;67,9
TH;w;1988 - 1992;50912;43314;7598;35336;28040;7296;69,4
TH;w;1983 - 1987;63050;54701;8350;45452;37435;8017;72,1
TH;w;1978 - 1982;60928;53228;7700;46286;38892;7393;76,0
TH;w;1973 - 1977;52044;46030;6015;40359;34584;5775;77,5
TH;w;1968 - 1972;67218;58267;8951;52652;44057;8595;78,3
TH;w;1958 - 1967;172740;144685;28055;133538;106600;26938;77,3
TH;w;1948 - 1957;159954;129023;30930;126882;97182;29699;79,3
TH;w;1947 und früher;236371;191812;44560;161102;118316;42786;68,2
