# (c) Der Bundeswahlleiter, Statistisches Bundesamt (Destatis), 2018;;;;;;;;;;;;;;;
# ;;;;;;;;;;;;;;;
# Wahl zum 19. Deutschen Bundestag (24. September 2017);;;;;;;;;;;;;;;
# Ergebnisse der repräsentativen Wahlstatistik;;;;;;;;;;;;;;;
# Stimmabgabe nach Geschlecht und Geburtsjahresgruppen in den Ländern;;;;;;;;;;;;;;;
# ;;;;;;;;;;;;;;;
# Erläuterungen zur Methodik siehe Dokument 'Allgemeine und methodische Hinweise zur repräsentativen Wahlstatistik der Bundestagswahl 2017'.;;;;;;;;;;;;;;;
# Durch Auf- bzw. Abrundungen können sich in der Endsumme geringfügige Abweichungen ergeben.;;;;;;;;;;;;;;;
# Aus methodischen Gründen weichen in einigen Ländern die Summen der Parteien vom amtlichen Endergebnis geringfügig ab.;;;;;;;;;;;;;;;
# Für das Bundesgebiet wurde eine separate Hochrechnung durchgeführt. Die Summen der einzelnen Merkmalsgruppen aus den Länderergebnissen weichen daher geringfügig vom entsprechenden Bundesergebnis ab.;;;;;;;;;;;;;;;
# ;;;;;;;;;;;;;;;
Land;Erst-/Zweitstimme;Geschlecht;Geburtsjahresgruppe;Summe;Ungültig;CDU;SPD;DIE LINKE;GRÜNE;CSU;FDP;AfD;Sonstige;dar. NPD;dar. FREIE WÄHLER
Bund;1;Summe;Summe;46976341;586726;14030751;11429231;3966637;3717922;3255487;3249238;5317499;1422850;45169;589056
Bund;1;Summe;1993 - 1999;3369640;37704;818710;836085;325815;450604;219436;291067;233988;156231;2503;45772
Bund;1;Summe;1983 - 1992;6039663;58687;1512418;1362375;631362;631769;383571;446910;703775;308797;10507;103486
Bund;1;Summe;1973 - 1982;6227268;62068;1739054;1267308;535303;598947;426237;460129;867889;270333;9915;106025
Bund;1;Summe;1958 - 1972;13918027;146749;3810567;3338116;1169518;1296186;871771;941843;1900570;442707;13987;208034
Bund;1;Summe;1948 - 1957;7693131;103820;2310567;2042977;710235;446291;518411;505296;906420;149114;5214;75016
Bund;1;Summe;1947 und früher;9728612;177697;3839435;2582370;594405;294125;836062;603993;704858;95668;3043;50723
Bund;1;m;Summe;22757980;274037;6296759;5567376;2002937;1459836;1517208;1623874;3298126;717826;28243;277767
Bund;1;m;1993 - 1999;1694779;20330;402414;416491;165674;173296;109102;176190;146987;84297;1629;23053
Bund;1;m;1983 - 1992;3001418;29800;707161;655466;328018;246168;187482;249353;435091;162879;5903;49670
Bund;1;m;1973 - 1982;3089525;30587;809771;601921;273897;238333;206918;237284;548843;141972;6237;50058
Bund;1;m;1958 - 1972;6930258;71774;1805613;1669626;579245;511791;426407;455296;1195153;215355;9099;98115
Bund;1;m;1948 - 1957;3741274;50077;1020786;1029585;362295;180545;236940;235985;553360;71700;3468;35474
Bund;1;m;1947 und früher;4300726;71471;1551015;1194287;293808;109704;350359;269767;418692;41623;1905;21398
Bund;1;w;Summe;24218361;312689;7733992;5861855;1963700;2258086;1738279;1625364;2019373;705024;16926;311289
Bund;1;w;1993 - 1999;1674861;17375;416297;419594;160142;277309;110334;114877;87000;71934;873;22719
Bund;1;w;1983 - 1992;3038245;28888;805257;706909;303343;385600;196089;197557;268683;145918;4603;53815
Bund;1;w;1973 - 1982;3137743;31482;929283;665387;261406;360614;219318;222845;319046;128361;3678;55967
Bund;1;w;1958 - 1972;6987768;74976;2004953;1668490;590273;784395;445364;486547;705417;227352;4888;109920
Bund;1;w;1948 - 1957;3951857;53743;1289781;1013392;347939;265747;281471;269311;353060;77413;1746;39542
Bund;1;w;1947 und früher;5427886;106226;2288420;1388082;300596;184421;485703;334226;286166;54045;1139;29326
Bund;2;Summe;Summe;46976341;460849;12447656;9539381;4297270;4158400;2869688;4999449;5878115;2325533;176020;463292
Bund;2;Summe;1993 - 1999;3369640;24303;665605;615571;349726;488279;171568;441271;266957;346359;16690;33863
Bund;2;Summe;1983 - 1992;6039663;39765;1286190;1025242;656955;666043;322592;683394;770820;588662;49411;83196
Bund;2;Summe;1973 - 1982;6227268;42494;1518679;967437;563621;677766;363703;704903;953560;435105;42242;80898
Bund;2;Summe;1958 - 1972;13918027;103588;3425034;2746613;1279220;1447613;773402;1422660;2090839;629057;46103;157237
Bund;2;Summe;1948 - 1957;7693131;80774;2067428;1775691;800459;519000;462664;784904;1004932;197277;13644;63259
Bund;2;Summe;1947 und früher;9728612;169926;3484719;2408826;647289;359698;775759;962317;791007;129071;7930;44839
Bund;2;m;Summe;22757980;200192;5299230;4633487;2189501;1706000;1280483;2666886;3676203;1105998;111603;208771
Bund;2;m;1993 - 1999;1694779;13189;300217;305590;176106;192427;79817;280317;167573;179542;10713;15757
Bund;2;m;1983 - 1992;3001418;19674;555205;490462;342655;263648;146982;403389;480174;299229;29052;37952
Bund;2;m;1973 - 1982;3089525;19901;665699;456033;289045;281653;165918;387886;604999;218392;27959;38216
Bund;2;m;1958 - 1972;6930258;47053;1538881;1379820;643130;607369;363559;748468;1324465;277513;29986;71178
Bund;2;m;1948 - 1957;3741274;34896;874612;893330;413595;223251;206169;392710;619595;83114;9111;27586
Bund;2;m;1947 und früher;4300726;65480;1364615;1108252;324971;137652;318037;454115;479397;48208;4781;18081
Bund;2;w;Summe;24218361;260657;7148426;4905894;2107769;2452400;1589205;2332563;2201912;1219535;64417;254521
Bund;2;w;1993 - 1999;1674861;11114;365388;309981;173620;295852;91751;160954;99385;166817;5977;18106
Bund;2;w;1983 - 1992;3038245;20091;730985;534780;314301;402395;175609;280004;290646;289433;20359;45244
Bund;2;w;1973 - 1982;3137743;22593;852980;511405;274576;396113;197785;317016;348561;216713;14283;42681
Bund;2;w;1958 - 1972;6987768;56535;1886153;1366793;636091;840244;409843;674193;766374;351544;16117;86059
Bund;2;w;1948 - 1957;3951857;45878;1192816;882361;386863;295750;256495;392194;385337;114163;4532;35673
Bund;2;w;1947 und früher;5427886;104446;2120104;1300575;322319;222047;457722;508202;311609;80864;3149;26758
SH;1;Summe;Summe;1729194;13176;682287;493279;90574;163580;;131703;128641;25954;;18802
SH;1;Summe;1993 - 1999;122296;769;40148;34074;8822;18009;;11425;5452;3598;;2068
SH;1;Summe;1983 - 1992;188150;965;62869;50902;14264;22189;;14124;16752;6085;;3262
SH;1;Summe;1973 - 1982;223535;1099;86975;56059;13652;21910;;17780;20743;5317;;4305
SH;1;Summe;1958 - 1972;523245;3186;190832;147158;27356;59073;;39480;48127;8033;;6753
SH;1;Summe;1948 - 1957;293349;2884;109866;93468;17001;26540;;21245;20463;1882;;1642
SH;1;Summe;1947 und früher;378619;4273;191597;111618;9479;15859;;27650;17103;1039;;772
SH;1;m;Summe;835196;6667;313943;244836;46957;60985;;65994;82327;13486;;8885
SH;1;m;1993 - 1999;61452;451;19654;17133;5090;6308;;7280;3338;2199;;1235
SH;1;m;1983 - 1992;93339;525;29712;24912;7036;9113;;7603;10972;3465;;1469
SH;1;m;1973 - 1982;106276;617;38843;26118;6593;7999;;9041;14287;2778;;2145
SH;1;m;1958 - 1972;254488;1608;90228;73825;13328;21669;;19558;30497;3775;;3064
SH;1;m;1948 - 1957;141500;1512;49144;48580;9665;9890;;9552;12436;721;;621
SH;1;m;1947 und früher;178142;1954;86363;54267;5245;6006;;12960;10798;548;;352
SH;1;w;Summe;893998;6509;368344;248443;43617;102595;;65709;46314;12469;;9917
SH;1;w;1993 - 1999;60845;318;20495;16940;3732;11701;;4145;2114;1399;;833
SH;1;w;1983 - 1992;94810;440;33156;25990;7228;13076;;6521;5780;2620;;1794
SH;1;w;1973 - 1982;117259;482;48132;29940;7059;13910;;8739;6457;2540;;2160
SH;1;w;1958 - 1972;268757;1577;100604;73333;14028;37404;;19922;17630;4259;;3688
SH;1;w;1948 - 1957;151849;1372;60723;44888;7336;16650;;11692;8027;1161;;1021
SH;1;w;1947 und früher;200477;2319;105234;57351;4234;9854;;14690;6305;491;;419
SH;2;Summe;Summe;1729194;13553;583135;399505;124678;205471;;216844;140362;45646;4407;10911
SH;2;Summe;1993 - 1999;122296;644;32227;24499;10830;21066;;18288;6197;8546;468;1049
SH;2;Summe;1983 - 1992;188150;1095;53419;38434;18733;25674;;21660;17530;11604;1098;2027
SH;2;Summe;1973 - 1982;223535;1333;74116;41604;19300;27150;;27552;23003;9477;1167;2729
SH;2;Summe;1958 - 1972;523245;2911;163887;116969;37647;75739;;63927;50487;11679;1274;3307
SH;2;Summe;1948 - 1957;293349;2433;93732;78796;24245;33250;;35206;22842;2845;237;1152
SH;2;Summe;1947 und früher;378619;5138;165754;99203;13922;22592;;50211;20304;1495;164;648
SH;2;m;Summe;835196;5570;255199;195743;65258;82810;;115805;90699;24112;2774;4725
SH;2;m;1993 - 1999;61452;218;14772;12158;5824;8011;;11296;3938;5234;222;495
SH;2;m;1983 - 1992;93339;500;23516;17857;9502;10695;;12693;11392;7184;712;1059
SH;2;m;1973 - 1982;106276;604;30915;19039;9598;10707;;15017;15710;4685;752;1289
SH;2;m;1958 - 1972;254488;1191;74056;58646;18492;30554;;33660;32568;5320;959;1270
SH;2;m;1948 - 1957;141500;866;39885;40177;14150;13711;;17729;13932;1049;65;389
SH;2;m;1947 und früher;178142;2190;72054;47867;7691;9132;;25409;13159;640;64;224
SH;2;w;Summe;893998;7983;327936;203762;59420;122661;;101039;49663;21534;1633;6186
SH;2;w;1993 - 1999;60845;426;17455;12341;5006;13054;;6992;2259;3312;246;554
SH;2;w;1983 - 1992;94810;595;29903;20578;9231;14978;;8967;6138;4420;386;968
SH;2;w;1973 - 1982;117259;729;43201;22566;9702;16443;;12534;7293;4792;415;1440
SH;2;w;1958 - 1972;268757;1720;89830;58323;19155;45185;;30267;17919;6359;315;2037
SH;2;w;1948 - 1957;151849;1566;53847;38619;10095;19539;;17477;8910;1796;172;764
SH;2;w;1947 und früher;200477;2947;93700;51336;6231;13460;;24803;7144;855;100;424
HH;1;Summe;Summe;984926;9254;277677;311889;105242;114485;;69178;71527;25674;1245;5426
HH;1;Summe;1993 - 1999;67101;484;14202;22938;8878;10188;;4952;2670;2789;133;270
HH;1;Summe;1983 - 1992;164550;1444;34341;45344;26703;28093;;10869;9508;8249;331;1328
HH;1;Summe;1973 - 1982;162437;1474;44092;43394;20250;24440;;10885;11677;6224;363;1286
HH;1;Summe;1958 - 1972;274869;2494;71080;88706;30089;35020;;17850;23089;6540;314;1878
HH;1;Summe;1948 - 1957;120800;1509;31287;43500;12173;9965;;9081;11880;1405;64;377
HH;1;Summe;1947 und früher;195169;1848;82675;68007;7149;6778;;15540;12704;467;40;287
HH;1;m;Summe;462537;3903;119274;150124;52164;42131;;35989;44850;14103;639;2388
HH;1;m;1993 - 1999;33742;307;7188;11857;4190;3863;;3171;1692;1474;66;97
HH;1;m;1983 - 1992;75831;627;14229;21573;12763;10211;;5828;6042;4559;102;649
HH;1;m;1973 - 1982;77150;584;19769;21367;9645;8976;;5963;7510;3336;131;496
HH;1;m;1958 - 1972;136546;1142;33711;44745;15386;13207;;9145;15130;4082;314;975
HH;1;m;1948 - 1957;56893;785;13278;21262;6477;3726;;4018;6819;528;25;108
HH;1;m;1947 und früher;82374;457;31101;29320;3703;2148;;7864;7656;125;0;62
HH;1;w;Summe;522389;5351;158403;161765;53078;72354;;33189;26677;11571;606;3038
HH;1;w;1993 - 1999;33360;177;7014;11080;4688;6325;;1782;978;1316;66;172
HH;1;w;1983 - 1992;88719;816;20112;23772;13940;17882;;5041;3465;3690;228;679
HH;1;w;1973 - 1982;85287;891;24323;22027;10605;15464;;4922;4167;2888;232;791
HH;1;w;1958 - 1972;138322;1352;37370;43961;14704;21813;;8706;7959;2458;0;903
HH;1;w;1948 - 1957;63907;724;18009;22238;5695;6240;;5063;5060;877;39;269
HH;1;w;1947 und früher;112794;1391;51575;38687;3446;4629;;7676;5048;342;40;224
HH;2;Summe;Summe;984926;6808;266312;229862;119076;136371;;105610;76511;44376;1799;3458
HH;2;Summe;1993 - 1999;67101;255;13970;14383;10137;11924;;7635;2970;5827;188;122
HH;2;Summe;1983 - 1992;164550;883;34505;30659;28105;29975;;15212;9870;15342;472;788
HH;2;Summe;1973 - 1982;162437;1116;42274;29228;20701;30463;;16428;12526;9701;497;760
HH;2;Summe;1958 - 1972;274869;1645;71029;62232;35677;42905;;26283;24999;10098;475;1029
HH;2;Summe;1948 - 1957;120800;954;30237;34222;15244;11838;;13510;12734;2060;79;418
HH;2;Summe;1947 und früher;195169;1956;74296;59137;9212;9266;;26542;13412;1349;89;340
HH;2;m;Summe;462537;2510;107761;108904;60146;54710;;58236;47703;22567;954;1384
HH;2;m;1993 - 1999;33742;54;6707;7374;4788;4661;;5057;1913;3189;164;40
HH;2;m;1983 - 1992;75831;345;12993;14324;13874;10986;;8983;6279;8047;182;399
HH;2;m;1973 - 1982;77150;411;17975;14201;10099;12354;;9579;7726;4805;220;257
HH;2;m;1958 - 1972;136546;753;30587;31007;18846;18278;;15432;16425;5219;263;557
HH;2;m;1948 - 1957;56893;560;12358;16539;7724;5049;;6442;7228;994;76;102
HH;2;m;1947 und früher;82374;387;27143;25460;4813;3382;;12744;8132;313;49;28
HH;2;w;Summe;522389;4298;158551;120958;58930;81661;;47374;28808;21809;845;2074
HH;2;w;1993 - 1999;33360;201;7264;7009;5348;7263;;2579;1057;2639;25;83
HH;2;w;1983 - 1992;88719;537;21512;16335;14231;18989;;6229;3591;7295;289;389
HH;2;w;1973 - 1982;85287;704;24299;15027;10602;18109;;6849;4800;4896;277;503
HH;2;w;1958 - 1972;138322;892;40443;31225;16831;24627;;10852;8573;4879;211;472
HH;2;w;1948 - 1957;63907;394;17879;17684;7520;6789;;7068;5507;1065;3;315
HH;2;w;1947 und früher;112794;1568;47153;33678;4399;5883;;13797;5280;1035;40;312
NI;1;Summe;Summe;4681871;46554;1777588;1557197;273064;334541;;264801;369663;58463;;23538
NI;1;Summe;1993 - 1999;359100;3020;112708;116885;29358;47980;;23327;18547;7275;;2107
NI;1;Summe;1983 - 1992;563067;4182;185124;174213;47170;53810;;33192;50895;14481;;4130
NI;1;Summe;1973 - 1982;592973;5780;216343;168114;41243;48975;;35058;65039;12421;;5585
NI;1;Summe;1958 - 1972;1398312;12341;485174;472842;86554;119216;;75570;130978;15636;;7677
NI;1;Summe;1948 - 1957;774088;9013;287895;282900;44655;41614;;43470;58985;5556;;2751
NI;1;Summe;1947 und früher;994331;12218;490343;342244;24084;22945;;54185;45219;3094;;1288
NI;1;m;Summe;2251301;23015;813903;753255;143258;123264;;133448;230811;30347;;11842
NI;1;m;1993 - 1999;175928;1747;54993;57726;14947;16843;;13595;12020;4057;;1198
NI;1;m;1983 - 1992;274743;2167;86413;83509;24955;19422;;18833;31678;7767;;1710
NI;1;m;1973 - 1982;287418;2857;100612;78634;21682;18928;;17345;41007;6354;;2967
NI;1;m;1958 - 1972;691775;6329;233577;232991;45329;44655;;37493;82998;8403;;4065
NI;1;m;1948 - 1957;376295;4640;130293;142346;23821;15660;;21237;35619;2680;;1510
NI;1;m;1947 und früher;445141;5276;208015;158049;12525;7756;;24945;27489;1087;;392
NI;1;w;Summe;2430570;23539;963685;803942;129806;211277;;131353;138852;28116;;11696
NI;1;w;1993 - 1999;183172;1273;57716;59159;14411;31136;;9732;6527;3219;;909
NI;1;w;1983 - 1992;288324;2015;98711;90704;22215;34389;;14359;19217;6714;;2420
NI;1;w;1973 - 1982;305555;2923;115731;89480;19561;30048;;17713;24031;6067;;2619
NI;1;w;1958 - 1972;706537;6012;251597;239851;41226;74561;;38076;47981;7233;;3612
NI;1;w;1948 - 1957;397793;4372;157602;140554;20834;25954;;22233;23367;2876;;1241
NI;1;w;1947 und früher;549190;6942;282327;184195;11559;15190;;29240;17730;2007;;895
NI;2;Summe;Summe;4681871;34895;1623481;1275172;322979;404825;;431405;422362;166752;12867;19178
NI;2;Summe;1993 - 1999;359100;2127;96646;83322;33104;50872;;39402;23831;29795;1479;2077
NI;2;Summe;1983 - 1992;563067;2920;159648;126780;53046;59679;;55980;59490;45523;4010;4624
NI;2;Summe;1973 - 1982;592973;3463;197575;124292;45469;60925;;55007;74757;31484;3111;3762
NI;2;Summe;1958 - 1972;1398312;8449;451543;385373;104694;143688;;118298;145953;40314;3336;6230
NI;2;Summe;1948 - 1957;774088;6577;265112;240730;57077;55365;;71433;65627;12167;661;1600
NI;2;Summe;1947 und früher;994331;11360;452956;314675;29589;34296;;91285;52704;7468;270;885
NI;2;m;Summe;2251301;16368;705994;618636;170542;156932;;235136;268238;79453;7817;9619
NI;2;m;1993 - 1999;175928;1338;42199;39987;17405;18228;;26158;15537;15076;994;916
NI;2;m;1983 - 1992;274743;1372;69299;61725;26521;21956;;33308;37372;23190;2256;2196
NI;2;m;1973 - 1982;287418;1520;86717;58236;23894;24065;;29911;47954;15122;2035;1740
NI;2;m;1958 - 1972;691775;4221;207104;191130;55522;57952;;62975;94043;18828;2064;3545
NI;2;m;1948 - 1957;376295;3146;114121;122158;30747;22632;;38502;40132;4857;383;889
NI;2;m;1947 und früher;445141;4770;186554;145401;16453;12099;;44282;33200;2381;86;334
NI;2;w;Summe;2430570;18527;917487;656536;152437;247893;;196269;154124;87299;5049;9559
NI;2;w;1993 - 1999;183172;789;54448;43335;15699;32644;;13243;8295;14720;485;1161
NI;2;w;1983 - 1992;288324;1548;90349;65055;26525;37723;;22673;22118;22334;1755;2428
NI;2;w;1973 - 1982;305555;1942;110858;66056;21576;36860;;25096;26803;16363;1075;2022
NI;2;w;1958 - 1972;706537;4227;244439;194244;49172;85736;;55323;51909;21486;1272;2685
NI;2;w;1948 - 1957;397793;3430;150991;118572;26330;32733;;32931;25496;7310;278;712
NI;2;w;1947 und früher;549190;6590;266401;169274;13136;22197;;47003;19504;5086;185;552
HB;1;Summe;Summe;335919;4451;83369;106021;37449;34758;;28709;30307;10856;565;1329
HB;1;Summe;1993 - 1999;23349;279;3905;7070;3267;3669;;2057;841;2260;48;119
HB;1;Summe;1983 - 1992;44606;446;9483;12580;5854;6231;;3489;4360;2163;129;110
HB;1;Summe;1973 - 1982;41002;428;10056;10430;4543;5643;;3635;3996;2271;74;329
HB;1;Summe;1958 - 1972;96928;1039;20803;30931;12140;11281;;6188;11832;2714;93;577
HB;1;Summe;1948 - 1957;55512;559;12618;19446;7636;4854;;4714;4862;823;121;55
HB;1;Summe;1947 und früher;74522;1700;26504;25564;4008;3080;;8625;4417;625;101;139
HB;1;m;Summe;162655;2260;36701;51322;18707;12804;;14725;19175;6961;490;673
HB;1;m;1993 - 1999;11638;148;1836;3369;1565;1090;;1603;357;1671;47;110
HB;1;m;1983 - 1992;22649;246;4680;6279;3056;2045;;2056;2905;1381;119;88
HB;1;m;1973 - 1982;20089;254;4632;4741;2437;2349;;1673;2559;1443;54;65
HB;1;m;1958 - 1972;47835;580;9388;15560;5666;4047;;3398;7642;1554;93;292
HB;1;m;1948 - 1957;26675;379;5435;9555;3767;2078;;2231;2712;518;79;13
HB;1;m;1947 und früher;33769;653;10730;11819;2215;1193;;3763;3000;395;99;106
HB;1;w;Summe;173264;2191;46668;54698;18742;21954;;13984;11132;3895;75;656
HB;1;w;1993 - 1999;11710;131;2069;3701;1702;2579;;455;484;589;1;9
HB;1;w;1983 - 1992;21957;200;4803;6301;2798;4186;;1433;1454;783;10;22
HB;1;w;1973 - 1982;20913;174;5424;5689;2106;3293;;1962;1437;828;21;264
HB;1;w;1958 - 1972;49094;460;11414;15371;6474;7233;;2790;4190;1161;0;286
HB;1;w;1948 - 1957;28837;179;7183;9892;3869;2776;;2483;2150;305;42;42
HB;1;w;1947 und früher;40753;1047;15773;13745;1793;1886;;4862;1417;230;2;33
HB;2;Summe;Summe;335919;2969;83409;88944;44629;36733;;31056;33201;14978;1096;1353
HB;2;Summe;1993 - 1999;23349;121;4192;5342;3815;3640;;2380;1087;2770;57;108
HB;2;Summe;1983 - 1992;44606;267;9703;9152;6414;6498;;4094;4974;3505;322;179
HB;2;Summe;1973 - 1982;41002;106;9684;8248;5620;5982;;4066;4140;3157;135;415
HB;2;Summe;1958 - 1972;96928;800;21164;25839;14859;11967;;5999;12702;3600;263;338
HB;2;Summe;1948 - 1957;55512;331;13457;16508;9012;5438;;4451;5358;958;220;32
HB;2;Summe;1947 und früher;74522;1344;25209;23856;4909;3209;;10066;4940;989;100;281
HB;2;m;Summe;162655;1400;35356;42381;23151;14861;;16496;21290;7719;710;536
HB;2;m;1993 - 1999;11638;68;2075;2647;1701;1291;;1809;461;1585;47;1
HB;2;m;1983 - 1992;22649;192;4702;4480;3566;2366;;2372;3195;1775;149;85
HB;2;m;1973 - 1982;20089;91;4096;3420;2733;2816;;2067;3057;1810;110;113
HB;2;m;1958 - 1972;47835;369;9214;12970;7554;4647;;3258;8172;1651;132;142
HB;2;m;1948 - 1957;26675;193;5460;7992;4861;2500;;2350;2983;335;174;2
HB;2;m;1947 und früher;33769;487;9809;10872;2736;1241;;4640;3422;562;99;192
HB;2;w;Summe;173264;1569;48053;46563;21478;21872;;14560;11911;7259;385;818
HB;2;w;1993 - 1999;11710;53;2117;2695;2114;2349;;572;626;1185;9;107
HB;2;w;1983 - 1992;21957;75;5001;4672;2848;4132;;1722;1778;1730;173;95
HB;2;w;1973 - 1982;20913;15;5589;4828;2887;3166;;1999;1083;1347;25;302
HB;2;w;1958 - 1972;49094;431;11950;12869;7305;7320;;2740;4530;1949;132;196
HB;2;w;1948 - 1957;28837;138;7997;8516;4150;2938;;2102;2375;623;46;29
HB;2;w;1947 und früher;40753;858;15400;12984;2173;1967;;5426;1519;426;1;89
NW;1;Summe;Summe;9938461;124291;3756952;3073698;626631;641360;;787235;799777;128517;;26484
NW;1;Summe;1993 - 1999;753368;9029;239444;222781;62351;83320;;77242;39965;19237;;2653
NW;1;Summe;1983 - 1992;1242170;11235;396773;364347;111081;106453;;110773;107318;34189;;6026
NW;1;Summe;1973 - 1982;1271863;13625;457841;332743;91755;101205;;116442;132366;25886;;4515
NW;1;Summe;1958 - 1972;2978241;31918;1017210;934649;201574;231027;;230600;295882;35380;;9589
NW;1;Summe;1948 - 1957;1593807;20044;599367;541903;101857;76075;;116620;128406;9535;;2662
NW;1;Summe;1947 und früher;2099011;38439;1046317;677276;58014;43280;;135558;95840;4290;;1040
NW;1;m;Summe;4767909;58350;1687345;1490698;327237;240914;;391645;498746;72974;;13981
NW;1;m;1993 - 1999;377355;4709;117365;109888;31672;29966;;47484;25798;10474;;1715
NW;1;m;1983 - 1992;609108;5943;185091;172263;58700;39314;;60527;67160;20112;;3191
NW;1;m;1973 - 1982;620880;6781;210672;160299;48104;37895;;60313;81552;15263;;2342
NW;1;m;1958 - 1972;1484508;15860;489819;469003;103639;87186;;110517;188465;20020;;5004
NW;1;m;1948 - 1957;772523;9871;267878;272588;55006;29982;;53601;78770;4827;;1219
NW;1;m;1947 und früher;903534;15186;416519;306659;30116;16571;;59203;57002;2278;;509
NW;1;w;Summe;5170552;65941;2069607;1583000;299394;400446;;395590;301031;55543;;12504
NW;1;w;1993 - 1999;376013;4321;122078;112893;30678;53354;;29758;14168;8763;;937
NW;1;w;1983 - 1992;633062;5293;211683;192084;52382;67139;;50246;40159;14077;;2834
NW;1;w;1973 - 1982;650984;6844;247169;172444;43650;63311;;56129;50814;10622;;2173
NW;1;w;1958 - 1972;1493733;16059;527390;465647;97935;143840;;120084;107417;15360;;4585
NW;1;w;1948 - 1957;821284;10172;331489;269315;46850;46094;;63019;49636;4708;;1443
NW;1;w;1947 und früher;1195477;23252;629797;370617;27898;26708;;76355;38838;2012;;531
NW;2;Summe;Summe;9938461;85084;3214013;2557876;736904;744970;;1293052;928425;378137;21728;27878
NW;2;Summe;1993 - 1999;753368;5121;184050;165741;68257;91743;;121764;47265;69428;2486;2317
NW;2;Summe;1983 - 1992;1242170;6485;316640;274881;121393;121646;;178332;121984;100808;6196;6348
NW;2;Summe;1973 - 1982;1271863;6777;378694;253673;102662;114969;;184634;153010;77445;5753;5825
NW;2;Summe;1958 - 1972;2978241;19453;882581;767743;234212;267455;;370088;341748;94961;5226;8664
NW;2;Summe;1948 - 1957;1593807;14614;517656;466589;133707;90141;;198562;150088;22450;1168;2702
NW;2;Summe;1947 und früher;2099011;32634;934392;629249;76673;59016;;239672;114329;13046;899;2022
NW;2;m;Summe;4767909;35300;1363832;1234028;385341;301542;;676581;584276;187010;13928;14381
NW;2;m;1993 - 1999;377355;2754;80718;82452;33418;33245;;77967;30543;36258;1657;1172
NW;2;m;1983 - 1992;609108;3259;134722;128870;64823;46505;;101974;76055;52900;3632;3384
NW;2;m;1973 - 1982;620880;3009;163271;119942;54084;46270;;98404;95090;40809;4095;3003
NW;2;m;1958 - 1972;1484508;8782;400478;388190;121273;111732;;191432;219438;43183;3390;4840
NW;2;m;1948 - 1957;772523;5753;221589;234754;71419;39807;;96399;93717;9085;785;1290
NW;2;m;1947 und früher;903534;11743;363053;279821;40323;23983;;110404;69433;4774;369;692
NW;2;w;Summe;5170552;49784;1850181;1323848;351563;443428;;616471;344149;191127;7800;13497
NW;2;w;1993 - 1999;376013;2367;103332;83289;34839;58497;;43797;16722;33169;829;1145
NW;2;w;1983 - 1992;633062;3226;181918;146011;56571;75141;;76358;45930;47908;2564;2964
NW;2;w;1973 - 1982;650984;3767;215422;133731;48578;68700;;86229;57920;36636;1658;2822
NW;2;w;1958 - 1972;1493733;10671;482103;379553;112938;155723;;178656;122310;51778;1836;3824
NW;2;w;1948 - 1957;821284;8862;296067;231835;62287;50334;;102163;56371;13365;383;1412
NW;2;w;1947 und früher;1195477;20891;571339;349428;36351;35033;;129268;44896;8271;530;1330
HE;1;Summe;Summe;3395441;50889;1185393;974954;220145;270221;;238437;375528;79874;4423;48199
HE;1;Summe;1993 - 1999;257069;3884;71339;74482;22993;36792;;21099;16786;9693;478;3929
HE;1;Summe;1983 - 1992;416054;6221;124047;112242;36576;43232;;31558;46207;15971;1065;7535
HE;1;Summe;1973 - 1982;433060;5752;145130;106770;30541;39549;;29858;59906;15554;855;9373
HE;1;Summe;1958 - 1972;1027276;13578;328196;286470;72192;97967;;68542;134765;25566;1250;17575
HE;1;Summe;1948 - 1957;561085;8994;188066;180656;38888;33241;;38422;64283;8535;416;6213
HE;1;Summe;1947 und früher;700897;12460;328614;214334;18955;19439;;48959;53581;4555;360;3573
HE;1;m;Summe;1645169;22302;540868;473081;112896;102951;;117437;233024;42610;2755;23780
HE;1;m;1993 - 1999;129588;2130;36264;36310;12132;14367;;12948;10294;5143;277;1986
HE;1;m;1983 - 1992;208464;2796;58206;54146;19351;16994;;18583;29146;9241;659;3963
HE;1;m;1973 - 1982;212563;2455;68878;49581;16036;14682;;14738;37841;8352;480;4757
HE;1;m;1958 - 1972;508421;6101;155749;143250;35404;37086;;32514;84438;13877;885;8898
HE;1;m;1948 - 1957;273279;4100;84441;90206;20116;13080;;17662;39599;4075;225;2841
HE;1;m;1947 und früher;312855;4721;137330;99588;9858;6740;;20990;31705;1923;230;1336
HE;1;w;Summe;1750272;28587;644525;501873;107249;167270;;121000;142504;37264;1668;24419
HE;1;w;1993 - 1999;127481;1754;35075;38173;10862;22426;;8151;6492;4550;201;1943
HE;1;w;1983 - 1992;207590;3426;65841;58095;17225;26238;;12975;17061;6730;406;3571
HE;1;w;1973 - 1982;220497;3297;76253;57189;14506;24867;;15119;22064;7202;375;4617
HE;1;w;1958 - 1972;518856;7477;172447;143220;36788;60881;;36028;50327;11689;365;8678
HE;1;w;1948 - 1957;287806;4895;103625;90450;18772;20160;;20760;24684;4461;192;3372
HE;1;w;1947 und früher;388042;7739;191285;114746;9098;12699;;27968;21875;2632;130;2237
HE;2;Summe;Summe;3395441;46541;1033200;788427;271158;323736;;386742;398712;146925;11904;28507
HE;2;Summe;1993 - 1999;257069;2742;57969;52525;27670;40399;;32789;18320;24656;1012;1920
HE;2;Summe;1983 - 1992;416054;4602;105620;81108;42929;47677;;49281;48408;36428;3515;5177
HE;2;Summe;1973 - 1982;433060;4928;125386;78801;36517;48349;;49754;62297;27028;3286;5717
HE;2;Summe;1958 - 1972;1027276;11313;286231;229258;88840;118668;;111465;141518;39984;2766;9430
HE;2;Summe;1948 - 1957;561085;8168;165351;150379;49709;43244;;62245;69676;12314;724;4149
HE;2;Summe;1947 und früher;700897;14789;292643;196356;25493;25398;;81208;58493;6515;600;2113
HE;2;m;Summe;1645169;19144;440899;381344;139815;132518;;209860;250540;71047;7530;12279
HE;2;m;1993 - 1999;129588;1456;26626;25853;14579;16518;;20746;11130;12679;529;973
HE;2;m;1983 - 1992;208464;2014;45565;39234;21666;19608;;30687;30874;18815;2143;1947
HE;2;m;1973 - 1982;212563;2075;55387;35880;18803;19279;;27911;38909;14319;2198;2636
HE;2;m;1958 - 1972;508421;4642;127305;116167;44230;48316;;59947;90047;17767;1765;4368
HE;2;m;1948 - 1957;273279;3100;68878;74644;26533;18855;;32052;43948;5269;487;1704
HE;2;m;1947 und früher;312855;5858;117139;89566;14003;9941;;38518;35632;2198;407;651
HE;2;w;Summe;1750272;27397;592301;407083;131343;191218;;176882;148172;75878;4374;16228
HE;2;w;1993 - 1999;127481;1285;31342;26672;13090;23881;;12043;7190;11977;484;947
HE;2;w;1983 - 1992;207590;2589;60054;41874;21263;28069;;18594;17534;17613;1372;3230
HE;2;w;1973 - 1982;220497;2852;70000;42921;17714;29070;;21843;23388;12709;1088;3081
HE;2;w;1958 - 1972;518856;6671;158927;113091;44609;70352;;51517;51471;22217;1000;5062
HE;2;w;1948 - 1957;287806;5068;96473;75735;23176;24388;;30193;25728;7044;237;2445
HE;2;w;1947 und früher;388042;8931;175505;106790;11490;15457;;42691;22861;4318;193;1462
RP;1;Summe;Summe;2392093;36513;932382;676438;133323;140906;;161479;223659;87393;1031;62699
RP;1;Summe;1993 - 1999;186551;2323;58982;56391;12704;20137;;16324;10726;8965;19;4347
RP;1;Summe;1983 - 1992;285898;3462;99671;71535;21051;22944;;21998;29237;16000;91;10194
RP;1;Summe;1973 - 1982;307041;3378;114897;74081;18426;19695;;22930;36853;16781;464;11620
RP;1;Summe;1958 - 1972;722486;9486;254665;202242;44924;51245;;48764;81036;30123;280;24025
RP;1;Summe;1948 - 1957;418386;7381;165956;128056;24173;17473;;26229;39636;9483;29;7753
RP;1;Summe;1947 und früher;471730;10484;238211;144133;12045;9412;;25234;26171;6040;149;4760
RP;1;m;Summe;1177871;17497;424370;341160;69868;55518;;82401;142367;44691;552;30747
RP;1;m;1993 - 1999;96542;1015;29221;29754;6780;7621;;9948;6819;5385;13;2237
RP;1;m;1983 - 1992;142427;1679;46283;36420;10318;9336;;12560;17704;8128;41;4656
RP;1;m;1973 - 1982;150437;1706;52381;34851;8893;8029;;12037;23575;8964;187;5940
RP;1;m;1958 - 1972;364539;4741;121314;104880;23365;19357;;23519;52339;15025;205;11970
RP;1;m;1948 - 1957;209253;4023;75294;67092;13675;7275;;12442;24931;4521;29;3723
RP;1;m;1947 und früher;214673;4333;99877;68163;6837;3900;;11895;16999;2668;77;2222
RP;1;w;Summe;1214222;19016;508012;335278;63455;85388;;79078;81292;42702;480;31952
RP;1;w;1993 - 1999;90009;1309;29761;26637;5924;12516;;6376;3907;3580;6;2110
RP;1;w;1983 - 1992;143471;1783;53388;35115;10733;13608;;9438;11533;7873;50;5538
RP;1;w;1973 - 1982;156605;1672;62516;39230;9533;11666;;10893;13278;7817;277;5680
RP;1;w;1958 - 1972;357946;4745;133351;97362;21559;31888;;25246;28697;15098;75;12055
RP;1;w;1948 - 1957;209134;3357;90662;60964;10498;10198;;13787;14705;4962;0;4030
RP;1;w;1947 und früher;257058;6150;138334;75970;5208;5513;;13339;9172;3372;72;2539
RP;2;Summe;Summe;2392093;29587;848003;570518;160912;179233;;245235;265688;92917;7685;33090
RP;2;Summe;1993 - 1999;186551;1812;51518;40097;16719;26418;;24723;13593;11671;718;2521
RP;2;Summe;1983 - 1992;285898;3063;86771;55140;24842;26898;;34786;35169;19230;1656;5467
RP;2;Summe;1973 - 1982;307041;3066;103461;58298;21121;25612;;34588;43857;17038;2401;5306
RP;2;Summe;1958 - 1972;722486;6678;233551;165354;55607;65888;;71320;95039;29049;2128;12796
RP;2;Summe;1948 - 1957;418386;5323;150695;115077;28410;22378;;39659;46708;10137;573;4397
RP;2;Summe;1947 und früher;471730;9644;222006;136552;14212;12039;;40160;31322;5793;209;2603
RP;2;m;Summe;1177871;13398;368984;284399;86235;74824;;133790;167862;48380;4761;15308
RP;2;m;1993 - 1999;96542;825;24119;20900;8698;10516;;16202;8735;6548;418;1209
RP;2;m;1983 - 1992;142427;1451;36246;27912;12952;10692;;21031;21722;10420;928;2786
RP;2;m;1973 - 1982;150437;1414;44831;27684;10074;10544;;18922;27714;9254;1393;2777
RP;2;m;1958 - 1972;364539;3040;106614;85366;29708;27953;;37410;59846;14602;1486;5658
RP;2;m;1948 - 1957;209253;2454;66479;59126;16278;10381;;20368;29135;5033;424;1828
RP;2;m;1947 und früher;214673;4214;90696;63412;8524;4738;;19857;20710;2522;112;1051
RP;2;w;Summe;1214222;16189;479019;286119;74677;104409;;111445;97826;44537;2924;17781
RP;2;w;1993 - 1999;90009;987;27400;19197;8022;15902;;8521;4858;5122;300;1312
RP;2;w;1983 - 1992;143471;1612;50525;27228;11889;16206;;13754;13447;8810;728;2681
RP;2;w;1973 - 1982;156605;1653;58631;30614;11047;15068;;15666;16143;7783;1008;2529
RP;2;w;1958 - 1972;357946;3638;126937;79989;25898;37935;;33910;35192;14447;642;7138
RP;2;w;1948 - 1957;209134;2869;84216;55952;12132;11997;;19291;17573;5103;149;2569
RP;2;w;1947 und früher;257058;5431;131311;73140;5688;7301;;20304;10612;3271;98;1553
BW;1;Summe;Summe;6053943;70712;2350054;1166668;325019;801880;;517512;690128;131970;2056;33732
BW;1;Summe;1993 - 1999;483713;4295;156857;94569;35853;89183;;48726;34936;19294;421;2381
BW;1;Summe;1983 - 1992;838597;6551;296177;152168;61428;123399;;75468;90058;33348;428;6358
BW;1;Summe;1973 - 1982;806878;6542;298674;127394;47084;118744;;71177;112914;24349;362;6314
BW;1;Summe;1958 - 1972;1806768;18658;631149;338436;102396;287519;;144338;246471;37802;551;12379
BW;1;Summe;1948 - 1957;931402;12824;358024;205634;49711;102694;;76509;115783;10224;158;3902
BW;1;Summe;1947 und früher;1186585;21841;609172;248467;28548;80341;;101295;89967;6954;136;2397
BW;1;m;Summe;2966270;33611;1080726;582201;171684;330919;;264222;435588;67319;1108;16905
BW;1;m;1993 - 1999;248017;2306;78803;48220;18485;35340;;30061;23597;11206;316;1185
BW;1;m;1983 - 1992;421270;3216;141200;74338;34279;50705;;43822;56536;17175;240;2987
BW;1;m;1973 - 1982;404698;3363;142367;60500;25091;50059;;37387;73026;12906;173;3325
BW;1;m;1958 - 1972;906292;9205;305877;171702;51922;121174;;69628;158246;18536;275;6657
BW;1;m;1948 - 1957;456239;6842;161208;107463;26693;42781;;36317;70107;4829;26;1902
BW;1;m;1947 und früher;529753;8680;251271;119978;15214;30860;;47006;54076;2667;78;849
BW;1;w;Summe;3087673;37101;1269328;584467;153335;470961;;253290;254540;64651;948;16827
BW;1;w;1993 - 1999;235696;1990;78055;46349;17368;53843;;18665;11339;8088;104;1196
BW;1;w;1983 - 1992;417326;3335;154977;77830;27149;72695;;31645;33522;16173;188;3371
BW;1;w;1973 - 1982;402180;3180;156307;66894;21993;68685;;33789;39888;11443;190;2989
BW;1;w;1958 - 1972;900477;9453;325272;166733;50474;166344;;74710;88225;19266;276;5722
BW;1;w;1948 - 1957;475163;5983;196816;98170;23017;59914;;40192;45675;5395;132;2000
BW;1;w;1947 und früher;656831;13161;357901;128490;13334;49480;;54289;35891;4286;58;1548
BW;2;Summe;Summe;6053943;60975;2061687;982370;380727;807205;;762008;730499;268472;15745;42133
BW;2;Summe;1993 - 1999;483713;2663;127249;75853;40553;82996;;72187;37760;44453;2054;2911
BW;2;Summe;1983 - 1992;838597;3900;249942;117839;70234;113291;;112009;97937;73444;4352;9749
BW;2;Summe;1973 - 1982;806878;5403;253554;101094;54348;121513;;104482;116812;49671;3783;8696
BW;2;Summe;1958 - 1972;1806768;13645;568807;284685;117903;285081;;206172;259329;71145;3654;14109
BW;2;Summe;1948 - 1957;931402;11051;315121;176615;61452;112988;;115491;120870;17814;1009;3861
BW;2;Summe;1947 und früher;1186585;24313;547014;226284;36236;91336;;151668;97790;11945;893;2808
BW;2;m;Summe;2966270;27203;894008;489391;203996;339782;;421679;464643;125567;10106;19772
BW;2;m;1993 - 1999;248017;1685;58152;38257;20517;34681;;47022;24692;23011;1272;1513
BW;2;m;1983 - 1992;421270;1776;110131;57163;38613;47527;;67499;62183;36378;2610;4367
BW;2;m;1973 - 1982;404698;2774;115036;47737;28873;50635;;59290;76218;24135;2574;4111
BW;2;m;1958 - 1972;906292;6294;258954;144917;61875;123218;;112458;167403;31172;2382;7189
BW;2;m;1948 - 1957;456239;5440;135918;92166;33876;48152;;59451;74409;6826;684;1822
BW;2;m;1947 und früher;529753;9234;215816;109150;20242;35569;;75959;59738;4044;586;770
BW;2;w;Summe;3087673;33772;1167679;492979;176731;467423;;340329;265856;142905;5639;22361
BW;2;w;1993 - 1999;235696;979;69097;37595;20036;48315;;25165;13068;21442;783;1398
BW;2;w;1983 - 1992;417326;2125;139811;60676;31621;65764;;44509;35754;37066;1743;5382
BW;2;w;1973 - 1982;402180;2629;138518;53357;25475;70878;;45191;40594;25536;1210;4586
BW;2;w;1958 - 1972;900477;7350;309853;139769;56028;161864;;93714;91926;39973;1272;6920
BW;2;w;1948 - 1957;475163;5611;179203;84449;27576;64835;;56040;46461;10988;325;2038
BW;2;w;1947 und früher;656831;15079;331198;117133;15993;55767;;75708;38052;7900;307;2037
BY;1;Summe;Summe;7441006;69317;;1336404;384368;661356;3255487;477884;773542;482648;583;250119
BY;1;Summe;1993 - 1999;586135;4954;;101176;45273;80446;220817;46372;39441;47655;0;22082
BY;1;Summe;1983 - 1992;990694;5957;;159546;69805;112938;383893;70009;103450;85096;292;43834
BY;1;Summe;1973 - 1982;1019638;6801;;147555;56021;108906;426643;66282;124047;83382;48;43381
BY;1;Summe;1958 - 1972;2205078;16538;;387782;118600;231156;874512;129906;278647;167936;184;86100
BY;1;Summe;1948 - 1957;1167998;12089;;241725;60135;77151;519131;74304;126278;57186;0;31217
BY;1;Summe;1947 und früher;1471463;22977;;298620;34532;50760;830491;91011;101679;41393;59;23505
BY;1;m;Summe;3631368;34009;;659073;197182;267836;1518308;241864;484653;228443;345;117405
BY;1;m;1993 - 1999;293330;3040;;49817;22677;32621;109349;27012;24619;24195;0;11085
BY;1;m;1983 - 1992;498716;3080;;78086;37564;43972;187929;39510;66815;41760;238;20961
BY;1;m;1973 - 1982;511247;3479;;70963;29414;44359;207842;35064;80333;39792;48;20155
BY;1;m;1958 - 1972;1096921;8683;;193455;58059;93328;427829;64078;175729;75760;0;39290
BY;1;m;1948 - 1957;573716;5769;;124362;31167;33147;237749;35500;77883;28139;0;15278
BY;1;m;1947 und früher;657438;9958;;142390;18302;20409;347610;40699;59274;18795;59;10637
BY;1;w;Summe;3809638;35308;;677331;187186;393520;1737179;236020;288889;254205;238;132714
BY;1;w;1993 - 1999;292805;1914;;51359;22597;47825;111468;19360;14822;23459;0;10997
BY;1;w;1983 - 1992;491978;2877;;81460;32242;68965;195964;30499;36635;43336;54;22873
BY;1;w;1973 - 1982;508391;3322;;76592;26607;64546;218801;31218;43713;43590;0;23226
BY;1;w;1958 - 1972;1108157;7856;;194327;60542;137828;446683;65828;102918;92176;184;46810
BY;1;w;1948 - 1957;594282;6320;;117364;28968;44004;281381;38803;48395;29047;0;15939
BY;1;w;1947 und früher;814025;13020;;156229;16230;30350;482881;50312;42405;22598;0;12869
BY;2;Summe;Summe;7441006;47796;;1130931;450803;722116;2869688;751248;916300;552124;20611;199198
BY;2;Summe;1993 - 1999;586135;2302;;75666;48415;89745;172236;70452;50908;76411;2369;15667
BY;2;Summe;1983 - 1992;990694;2623;;119036;78504;119175;321980;107712;123380;118284;5850;32945
BY;2;Summe;1973 - 1982;1019638;3863;;111773;64480;123334;363698;111122;147302;94065;4285;32612
BY;2;Summe;1958 - 1972;2205078;10504;;326706;139671;251050;775830;208864;327727;164725;5715;67486
BY;2;Summe;1948 - 1957;1167998;8092;;214605;75880;83129;463866;116441;150159;55827;1446;27675
BY;2;Summe;1947 und früher;1471463;20412;;283144;43853;55683;772079;136657;116824;42812;945;22812
BY;2;m;Summe;3631368;22224;;555113;236429;296841;1281169;406220;579369;254003;14068;89145
BY;2;m;1993 - 1999;293330;1498;;37285;24929;36210;79830;43060;32066;38452;1549;7315
BY;2;m;1983 - 1992;498716;1467;;56861;42455;46234;146760;65400;80098;59440;4033;14317
BY;2;m;1973 - 1982;511247;2243;;52887;33558;51925;166043;63608;95693;45291;3008;15421
BY;2;m;1958 - 1972;1096921;5076;;164997;70501;104603;365034;110185;207657;68868;3705;29253
BY;2;m;1948 - 1957;573716;3621;;110056;40446;36076;207183;58308;93789;24237;1015;12413
BY;2;m;1947 und früher;657438;8320;;133026;24540;21792;316319;65658;70066;17715;758;10425
BY;2;w;Summe;3809638;25572;;575818;214374;425275;1588519;345028;336931;298121;6543;110053
BY;2;w;1993 - 1999;292805;804;;38381;23486;53534;92406;27392;18842;37958;820;8352
BY;2;w;1983 - 1992;491978;1156;;62175;36049;72941;175220;42311;43282;58843;1818;18628
BY;2;w;1973 - 1982;508391;1620;;58886;30922;71409;197655;47515;51610;48775;1278;17190
BY;2;w;1958 - 1972;1108157;5428;;161709;69170;146447;410796;98679;120070;95858;2010;38233
BY;2;w;1948 - 1957;594282;4471;;104549;35434;47052;256682;58133;56370;31590;431;15262
BY;2;w;1947 und früher;814025;12092;;150118;19312;33891;455760;70999;46757;25097;187;12387
SL;1;Summe;Summe;595411;8512;211271;188580;64996;25965;;28198;53534;14355;655;1379
SL;1;Summe;1993 - 1999;40972;807;10985;13160;4537;4032;;2966;2254;2231;35;86
SL;1;Summe;1983 - 1992;66391;1061;19451;21031;7990;3403;;3672;6604;3178;174;318
SL;1;Summe;1973 - 1982;70019;852;22249;19913;8095;2847;;3795;9490;2778;13;331
SL;1;Summe;1958 - 1972;176553;1615;54414;58001;21038;10400;;7373;19869;3843;305;353
SL;1;Summe;1948 - 1957;110752;1293;41293;35905;13748;3008;;4870;8978;1656;120;258
SL;1;Summe;1947 und früher;130725;2885;62879;40570;9588;2274;;5521;6339;669;8;33
SL;1;m;Summe;290871;4261;95311;91640;34423;9895;;14367;33491;7484;525;479
SL;1;m;1993 - 1999;21678;370;5671;6615;2544;2223;;1843;1172;1239;26;11
SL;1;m;1983 - 1992;33470;685;8852;9907;4601;1202;;2182;4333;1707;117;196
SL;1;m;1973 - 1982;34406;423;10743;8881;4030;953;;1999;5810;1567;4;82
SL;1;m;1958 - 1972;88507;703;25993;29985;11003;3513;;3408;12190;1712;263;45
SL;1;m;1948 - 1957;54036;569;18236;17843;7367;1292;;2286;5520;922;110;131
SL;1;m;1947 und früher;58775;1511;25816;18409;4878;711;;2648;4464;337;6;14
SL;1;w;Summe;304540;4251;115960;96940;30573;16071;;13832;20042;6871;130;900
SL;1;w;1993 - 1999;19294;436;5313;6546;1993;1809;;1123;1082;992;9;75
SL;1;w;1983 - 1992;32921;376;10600;11124;3389;2201;;1490;2271;1471;57;122
SL;1;w;1973 - 1982;35612;429;11506;11032;4064;1894;;1796;3679;1211;9;248
SL;1;w;1958 - 1972;88046;912;28421;28016;10036;6888;;3964;7678;2131;43;308
SL;1;w;1948 - 1957;56716;724;23057;18062;6381;1716;;2584;3457;734;11;127
SL;1;w;1947 und früher;71949;1374;37063;22161;4710;1563;;2873;1874;331;2;19
SL;2;Summe;Summe;595411;10153;189573;158895;75448;35117;;44477;58920;22828;3382;4014
SL;2;Summe;1993 - 1999;40972;1018;8876;9363;5420;5093;;4379;2799;4024;213;332
SL;2;Summe;1983 - 1992;66391;978;16916;15981;8231;4431;;6596;6969;6291;950;753
SL;2;Summe;1973 - 1982;70019;931;19331;15625;9281;4780;;5412;10482;4177;913;863
SL;2;Summe;1958 - 1972;176553;1875;48593;48854;24494;13618;;12513;21255;5350;904;1171
SL;2;Summe;1948 - 1957;110752;1749;36854;31109;16456;4549;;7657;10285;2093;277;689
SL;2;Summe;1947 und früher;130725;3603;59004;37964;11566;2646;;7919;7130;894;125;207
SL;2;m;Summe;290871;4475;81721;77128;38946;14495;;23674;37686;12745;2195;1955
SL;2;m;1993 - 1999;21678;298;4277;4882;2946;2556;;2611;1555;2552;195;143
SL;2;m;1983 - 1992;33470;614;7021;7822;4530;1371;;3764;4730;3619;526;471
SL;2;m;1973 - 1982;34406;328;8380;7140;4586;2026;;2964;6584;2399;555;479
SL;2;m;1958 - 1972;88507;674;22653;24661;12755;5501;;6446;13224;2594;630;323
SL;2;m;1948 - 1957;54036;764;15571;15562;8332;2068;;4059;6540;1139;242;419
SL;2;m;1947 und früher;58775;1799;23819;17062;5798;974;;3830;5053;442;47;120
SL;2;w;Summe;304540;5678;107852;81767;36502;20622;;20803;21234;10083;1187;2059
SL;2;w;1993 - 1999;19294;720;4599;4481;2474;2538;;1768;1244;1472;18;190
SL;2;w;1983 - 1992;32921;364;9895;8159;3701;3060;;2832;2239;2672;424;282
SL;2;w;1973 - 1982;35612;603;10951;8484;4695;2754;;2449;3899;1778;357;384
SL;2;w;1958 - 1972;88046;1202;25940;24193;11739;8118;;6068;8031;2756;274;848
SL;2;w;1948 - 1957;56716;986;21282;15546;8124;2480;;3598;3745;954;35;269
SL;2;w;1947 und früher;71949;1804;35185;20902;5769;1672;;4089;2077;452;78;86
BE;1;Summe;Summe;1892134;26660;460296;391772;377564;230935;;105053;212211;87643;1597;6338
BE;1;Summe;1993 - 1999;111638;1687;19615;23355;24095;19841;;7026;6488;9532;113;148
BE;1;Summe;1983 - 1992;311546;3574;55188;59470;69925;56220;;14324;25898;26947;458;1542
BE;1;Summe;1973 - 1982;289406;2879;58557;55455;56483;50349;;14700;31070;19913;271;1091
BE;1;Summe;1958 - 1972;528983;6934;118978;101991;97870;71360;;29141;80980;21730;438;2031
BE;1;Summe;1948 - 1957;270200;4727;68373;58809;60473;21234;;15427;35005;6152;243;978
BE;1;Summe;1947 und früher;380361;6860;139585;92692;68718;11931;;24435;32770;3370;74;549
BE;1;m;Summe;902264;12642;202610;186014;179341;96051;;50392;129543;45671;1011;2807
BE;1;m;1993 - 1999;54194;1039;9218;11998;11275;7751;;3924;3882;5107;113;35
BE;1;m;1983 - 1992;148986;1824;25428;28413;33640;22930;;7577;15319;13855;290;597
BE;1;m;1973 - 1982;144965;1670;28002;27278;28746;20798;;7455;19294;11721;214;739
BE;1;m;1958 - 1972;266004;3163;56215;51516;47408;31817;;14104;51330;10450;133;706
BE;1;m;1948 - 1957;126404;2312;29322;27208;28053;8400;;7116;20890;3102;219;579
BE;1;m;1947 und früher;161711;2635;54425;39600;30219;4355;;10215;18828;1434;42;149
BE;1;w;Summe;989870;14018;257686;205758;198223;134884;;54661;82668;41972;587;3531
BE;1;w;1993 - 1999;57444;648;10397;11356;12820;12090;;3102;2607;4425;0;112
BE;1;w;1983 - 1992;162560;1750;29760;31057;36285;33290;;6747;10579;13092;168;944
BE;1;w;1973 - 1982;144441;1210;30555;28177;27737;29551;;7245;11776;8191;57;352
BE;1;w;1958 - 1972;262979;3771;62763;50475;50462;39543;;15037;29649;11279;305;1325
BE;1;w;1948 - 1957;143796;2415;39051;31601;32420;12834;;8311;14115;3049;24;398
BE;1;w;1947 und früher;218650;4224;85160;53092;38499;7577;;14221;13942;1935;32;400
BE;2;Summe;Summe;1892134;23092;424321;334253;351170;234947;;167046;225170;132135;;6404
BE;2;Summe;1993 - 1999;111638;1435;16501;18289;22452;19200;;10198;7645;15918;;480
BE;2;Summe;1983 - 1992;311546;2927;51958;47167;67182;53381;;23653;27126;38153;;1457
BE;2;Summe;1973 - 1982;289406;2435;58252;44429;51447;49789;;23561;32945;26547;;963
BE;2;Summe;1958 - 1972;528983;5613;111308;84349;89867;73571;;46202;84069;34006;;1880
BE;2;Summe;1948 - 1957;270200;4056;62143;51886;56136;23901;;23985;37807;10285;;1112
BE;2;Summe;1947 und früher;380361;6626;124159;88132;64087;15104;;39447;35579;7227;;511
BE;2;m;Summe;902264;10060;177659;160267;169723;101689;;86314;138793;57759;;3067
BE;2;m;1993 - 1999;54194;872;7329;9678;10291;7718;;6313;4528;7465;;207
BE;2;m;1983 - 1992;148986;1549;22005;22837;33020;21968;;13359;16227;18021;;751
BE;2;m;1973 - 1982;144965;1253;25918;22527;27318;21639;;13169;20451;12692;;584
BE;2;m;1958 - 1972;266004;2553;50432;42271;44271;34010;;24863;53919;13686;;889
BE;2;m;1948 - 1957;126404;1644;25259;24448;26628;10185;;11401;22956;3885;;559
BE;2;m;1947 und früher;161711;2190;46716;38508;28196;6170;;17210;20712;2009;;7,70E+01
BE;2;w;Summe;989870;13032;246662;173986;181447;133258;;80732;86377;74376;;3337
BE;2;w;1993 - 1999;57444;562;9172;8612;12161;11482;;3886;3117;8452;;274
BE;2;w;1983 - 1992;162560;1379;29952;24330;34161;31412;;10294;10899;20132;;706
BE;2;w;1973 - 1982;144441;1182;32334;21903;24129;28151;;10392;12494;13855;;379
BE;2;w;1958 - 1972;262979;3061;60876;42078;45596;39561;;21338;30150;20320;;991
BE;2;w;1948 - 1957;143796;2412;36884;27439;29508;13717;;12584;14852;6399;;553
BE;2;w;1947 und früher;218650;4435;77444;49625;35891;8934;;22237;14866;5218;;434
BE-O;1;Summe;Summe;792630;9874;149787;116771;253797;80065;;30882;108787;42667;1256;5976
BE-O;1;Summe;1993 - 1999;39525;689;5665;6233;11600;6307;;2474;2835;3723;113;148
BE-O;1;Summe;1983 - 1992;142279;1445;23821;20840;37468;23300;;5911;15306;14187;438;1487
BE-O;1;Summe;1973 - 1982;138057;1141;23650;19811;36583;21810;;6118;18912;10032;271;1065
BE-O;1;Summe;1958 - 1972;220982;2267;42008;28944;65431;21638;;8869;41490;10335;292;1853
BE-O;1;Summe;1948 - 1957;107989;1753;21998;13843;43454;3860;;3481;16735;2865;68;955
BE-O;1;Summe;1947 und früher;143798;2579;32645;27099;59260;3151;;4029;13509;1526;74;469
BE-O;1;m;Summe;375604;4172;65291;54265;117391;32365;;15263;65577;21279;797;2629
BE-O;1;m;1993 - 1999;18554;361;2747;2990;5356;2120;;1194;1724;2061;113;35
BE-O;1;m;1983 - 1992;66255;703;10369;9612;18075;9047;;2920;8839;6690;270;542
BE-O;1;m;1973 - 1982;69826;589;11332;9574;18419;8929;;3506;11547;5930;214;713
BE-O;1;m;1958 - 1972;109713;870;18667;14427;30631;9795;;4445;26142;4735;114;633
BE-O;1;m;1948 - 1957;50135;817;9679;6191;19507;1447;;1522;9692;1280;45;557
BE-O;1;m;1947 und früher;61121;832;12497;11472;25403;1026;;1676;7633;583;42;149
BE-O;1;w;Summe;417026;5702;84496;62506;136406;47700;;15619;43210;21388;459;3346
BE-O;1;w;1993 - 1999;20972;328;2918;3243;6243;4186;;1280;1111;1662;0;112
BE-O;1;w;1983 - 1992;76024;743;13452;11229;19393;14252;;2991;6466;7497;168;944
BE-O;1;w;1973 - 1982;68231;551;12318;10238;18165;12881;;2611;7365;4102;57;352
BE-O;1;w;1958 - 1972;111269;1397;23341;14517;34800;11842;;4424;15349;5600;178;1220
BE-O;1;w;1948 - 1957;57854;936;12319;7652;23947;2413;;1959;7043;1585;24;398
BE-O;1;w;1947 und früher;82677;1747;20148;15628;33858;2125;;2353;5876;943;32;320
BE-O;2;Summe;Summe;792630;8997;151288;118241;204400;81810;;49917;116022;61955;;3987
BE-O;2;Summe;1993 - 1999;39525;719;5660;6009;8815;5352;;2730;3379;6863;;129
BE-O;2;Summe;1983 - 1992;142279;1335;24139;20220;30748;21531;;9908;15737;18662;;980
BE-O;2;Summe;1973 - 1982;138057;1060;25361;19388;27885;21487;;10180;19581;13114;;534
BE-O;2;Summe;1958 - 1972;220982;1901;42745;28296;50992;24031;;14521;43558;14939;;1147
BE-O;2;Summe;1948 - 1957;107989;1624;21863;14411;34821;5331;;6307;18686;4946;;789
BE-O;2;Summe;1947 und früher;143798;2358;31521;29916;51140;4078;;6271;15082;3432;;407
BE-O;2;m;Summe;375604;3692;62437;56001;95193;35112;;26413;70834;25921;;1647
BE-O;2;m;1993 - 1999;18554;390;2341;2802;4267;1853;;1625;2250;3026;;35
BE-O;2;m;1983 - 1992;66255;626;9620;9506;15170;8507;;5497;9223;8105;;453
BE-O;2;m;1973 - 1982;69826;491;11460;9806;14244;9661;;5702;12066;6397;;283
BE-O;2;m;1958 - 1972;109713;761;18337;13479;24158;11586;;8049;27661;5682;;420
BE-O;2;m;1948 - 1957;50135;627;8897;6872;15881;2120;;2944;11046;1749;;393
BE-O;2;m;1947 und früher;61121;798;11783;13537;21472;1384;;2596;8588;963;;63
BE-O;2;w;Summe;417026;5305;88851;62240;109207;46698;;23504;45188;36034;;2339
BE-O;2;w;1993 - 1999;20972;329;3319;3207;4548;3498;;1104;1129;3837;;94
BE-O;2;w;1983 - 1992;76024;709;14519;10714;15577;13024;;4411;6513;10557;;528
BE-O;2;w;1973 - 1982;68231;570;13901;9583;13641;11826;;4479;7515;6717;;251
BE-O;2;w;1958 - 1972;111269;1140;24408;14818;26833;12445;;6472;15897;9257;;726
BE-O;2;w;1948 - 1957;57854;997;12966;7539;18940;3211;;3364;7640;3197;;397
BE-O;2;w;1947 und früher;82677;1560;19738;16379;29668;2694;;3675;6494;2469;;344
BE-W;1;Summe;Summe;1099504;16786;310509;275001;123767;150870;;74171;103424;44976;341;362
BE-W;1;Summe;1993 - 1999;72113;998;13950;17122;12495;13534;;4552;3653;5809;0;0
BE-W;1;Summe;1983 - 1992;169267;2128;31367;38630;32457;32920;;8413;10593;12760;20;55
BE-W;1;Summe;1973 - 1982;151349;1739;34907;35643;19900;28539;;8582;12158;9881;0;27
BE-W;1;Summe;1958 - 1972;308001;4666;76970;73047;32439;49722;;20272;39489;11395;146;178
BE-W;1;Summe;1948 - 1957;162211;2974;46375;44966;17019;17374;;11946;18271;3287;174;23
BE-W;1;Summe;1947 und früher;236563;4281;106940;65593;9458;8780;;20407;19261;1844;0;80
BE-W;1;m;Summe;526660;8470;137319;131749;61950;63686;;35129;63966;24392;213;177
BE-W;1;m;1993 - 1999;35641;678;6471;9008;5919;5631;;2731;2157;3046;0;0
BE-W;1;m;1983 - 1992;82731;1121;15059;18801;15565;13883;;4657;6480;7165;20;55
BE-W;1;m;1973 - 1982;75139;1080;16670;17705;10327;11869;;3949;7747;5791;0;27
BE-W;1;m;1958 - 1972;156291;2292;37548;37090;16777;22022;;9659;25188;5715;19;73
BE-W;1;m;1948 - 1957;76269;1496;19643;21017;8546;6953;;5594;11198;1822;174;23
BE-W;1;m;1947 und früher;100590;1803;41928;28128;4816;3328;;8539;11195;852;0;0
BE-W;1;w;Summe;572844;8316;173190;143252;61817;87184;;39042;39458;20584;128;185
BE-W;1;w;1993 - 1999;36473;320;7479;8113;6577;7904;;1821;1496;2763;0;0
BE-W;1;w;1983 - 1992;86537;1007;16308;19829;16892;19038;;3755;4113;5595;0;0
BE-W;1;w;1973 - 1982;76210;658;18237;17939;9572;16670;;4633;4411;4090;0;0
BE-W;1;w;1958 - 1972;151710;2374;39423;35958;15662;27700;;10613;14301;5680;128;105
BE-W;1;w;1948 - 1957;85942;1479;26732;23949;8473;10420;;6352;7072;1464;0;0
BE-W;1;w;1947 und früher;135973;2477;65012;37465;4641;5452;;11868;8066;992;0;80
BE-W;2;Summe;Summe;1099504;14095;273033;216012;146770;153137;;117129;109148;70180;;2418
BE-W;2;Summe;1993 - 1999;72113;716;10841;12280;13637;13849;;7469;4267;9055;;351
BE-W;2;Summe;1983 - 1992;169267;1592;27819;26947;36434;31850;;13745;11389;19491;;476
BE-W;2;Summe;1973 - 1982;151349;1375;32891;25041;23562;28302;;13381;13364;13434;;429
BE-W;2;Summe;1958 - 1972;308001;3712;68563;56052;38875;49541;;31681;40511;19066;;733
BE-W;2;Summe;1948 - 1957;162211;2432;40280;37475;21316;18570;;17678;19121;5339;;323
BE-W;2;Summe;1947 und früher;236563;4268;92639;58216;12947;11026;;33176;20496;3795;;105
BE-W;2;m;Summe;526660;6368;115222;104266;74530;66577;;59901;67958;31837;;1420
BE-W;2;m;1993 - 1999;35641;482;4989;6875;6024;5864;;4687;2279;4440;;171
BE-W;2;m;1983 - 1992;82731;922;12385;13331;17850;13461;;7862;7003;9916;;298
BE-W;2;m;1973 - 1982;75139;762;14458;12721;13074;11977;;7467;8385;6295;;301
BE-W;2;m;1958 - 1972;156291;1792;32095;28792;20112;22424;;16814;26258;8004;;469
BE-W;2;m;1948 - 1957;76269;1017;16362;17576;10747;8064;;8457;11909;2137;;167
BE-W;2;m;1947 und früher;100590;1393;34933;24971;6723;4786;;14614;12124;1046;;14
BE-W;2;w;Summe;572844;7727;157811;111746;72240;86560;;57228;41190;38343;;997
BE-W;2;w;1993 - 1999;36473;233;5853;5405;7613;7984;;2781;1988;4615;;180
BE-W;2;w;1983 - 1992;86537;670;15434;13616;18584;18389;;5883;4386;9575;;178
BE-W;2;w;1973 - 1982;76210;613;18433;12320;10488;16325;;5914;4979;7139;;128
BE-W;2;w;1958 - 1972;151710;1921;36468;27260;18763;27117;;14867;14253;11062;;264
BE-W;2;w;1948 - 1957;85942;1415;23918;19899;10568;10506;;9221;7212;3202;;156
BE-W;2;w;1947 und früher;135973;2875;57706;33245;6224;6240;;18562;8372;2749;;90
BB;1;Summe;Summe;1512145;23743;432157;304896;256497;67253;;75734;289204;62661;745;28547
BB;1;Summe;1993 - 1999;66285;1053;16244;13074;9733;7512;;4765;8768;5135;46;922
BB;1;Summe;1983 - 1992;163463;2239;38281;30591;24621;8625;;8726;39032;11349;244;3717
BB;1;Summe;1973 - 1982;206030;2440;59393;33088;25682;11661;;11541;50884;11342;69;4794
BB;1;Summe;1958 - 1972;472832;5286;132482;84362;73459;24345;;26629;105425;20843;332;10189
BB;1;Summe;1948 - 1957;277431;4067;78285;57038;57735;8988;;12657;50211;8450;0;4992
BB;1;Summe;1947 und früher;326104;8658;107473;86743;65266;6123;;11415;34884;5542;54;3934
BB;1;m;Summe;736718;9992;187381;144072;122459;24323;;37108;180545;30838;511;12468
BB;1;m;1993 - 1999;33784;598;7364;6859;5015;2764;;3119;5003;3062;23;432
BB;1;m;1983 - 1992;80426;993;16978;13531;12157;3075;;4570;22973;6149;167;1707
BB;1;m;1973 - 1982;103538;1226;26758;15442;11839;4366;;5831;32192;5884;27;2122
BB;1;m;1958 - 1972;235825;2521;61319;40657;33833;8537;;12561;66952;9446;240;4427
BB;1;m;1948 - 1957;135437;1595;33187;27871;28190;3509;;5782;31458;3845;0;2123
BB;1;m;1947 und früher;147707;3060;41775;39712;31425;2071;;5246;21966;2451;54;1659
BB;1;w;Summe;775427;13751;244776;160824;134038;42930;;38626;108659;31823;234;16079
BB;1;w;1993 - 1999;32501;455;8880;6215;4718;4748;;1647;3765;2073;23;491
BB;1;w;1983 - 1992;83038;1247;21303;17060;12464;5549;;4157;16059;5200;77;2010
BB;1;w;1973 - 1982;102492;1214;32635;17646;13842;7295;;5710;18692;5458;42;2672
BB;1;w;1958 - 1972;237007;2765;71163;43705;39627;15808;;14069;38473;11397;92;5762
BB;1;w;1948 - 1957;141994;2472;45098;29167;29546;5479;;6875;18753;4604;0;2869
BB;1;w;1947 und früher;178397;5598;65698;47031;33841;4051;;6169;12917;3091;0;2275
BB;2;Summe;Summe;1512145;21314;397839;261822;255721;74971;;105485;301103;93890;12438;17762
BB;2;Summe;1993 - 1999;66285;795;13458;9709;9737;8306;;6417;9179;8684;1001;587
BB;2;Summe;1983 - 1992;163463;1907;34105;22733;22883;10143;;11057;38147;22488;3833;2447
BB;2;Summe;1973 - 1982;206030;1876;54392;26112;25288;13314;;16904;51058;17087;3122;2573
BB;2;Summe;1958 - 1972;472832;4416;122712;69972;72323;26062;;37598;110962;28787;3073;6244
BB;2;Summe;1948 - 1957;277431;3615;73232;50659;58401;9516;;17839;53613;10555;970;3381
BB;2;Summe;1947 und früher;326104;8706;99939;82636;67089;7630;;15671;38144;6289;439;2530
BB;2;m;Summe;736718;8490;166579;124105;122070;29947;;54491;188879;42156;8034;7717
BB;2;m;1993 - 1999;33784;433;6304;5208;4767;3152;;4095;5486;4340;560;228
BB;2;m;1983 - 1992;80426;783;14429;10225;11354;3897;;6337;22484;10915;2463;990
BB;2;m;1973 - 1982;103538;901;23567;12043;11566;5294;;9268;32335;8566;2048;1213
BB;2;m;1958 - 1972;235825;1948;54323;33822;33181;10743;;19054;70874;11880;2057;2629
BB;2;m;1948 - 1957;135437;1434;29839;24711;28595;4090;;8928;33709;4132;646;1336
BB;2;m;1947 und früher;147707;2991;38118;38096;32607;2772;;6809;23991;2323;260;1320
BB;2;w;Summe;775427;12824;231260;137717;133651;45024;;50994;112224;51734;4405;10045
BB;2;w;1993 - 1999;32501;362;7154;4501;4970;5154;;2322;3693;4344;441;359
BB;2;w;1983 - 1992;83038;1123;19676;12509;11529;6246;;4720;15663;11572;1370;1457
BB;2;w;1973 - 1982;102492;975;30825;14069;13722;8020;;7636;18723;8522;1074;1359
BB;2;w;1958 - 1972;237007;2468;68389;36150;39142;15319;;18543;40088;16907;1016;3614
BB;2;w;1948 - 1957;141994;2181;43394;25948;29806;5426;;8911;19904;6423;324;2045
BB;2;w;1947 und früher;178397;5715;61821;44540;34481;4859;;8862;14153;3966;179;1210
MV;1;Summe;Summe;938587;11742;316662;161437;171130;33746;;43899;168456;31515;7977;13794
MV;1;Summe;1993 - 1999;44380;452;12568;8178;6584;4737;;3664;5489;2706;430;709
MV;1;Summe;1983 - 1992;106408;1044;29830;18401;16965;6278;;5320;21279;7291;1865;2596
MV;1;Summe;1973 - 1982;115542;1161;38940;16179;15716;5709;;5868;26420;5549;1766;1872
MV;1;Summe;1958 - 1972;274585;2724;90836;41171;46163;10023;;14884;58803;9981;2189;5576
MV;1;Summe;1948 - 1957;185202;2084;62817;31931;39327;4444;;8032;32759;3807;1091;1977
MV;1;Summe;1947 und früher;212470;4276;81672;45576;46375;2554;;6131;23706;2180;636;1065
MV;1;m;Summe;452737;4834;133779;74783;83759;12571;;20560;106907;15543;5110;5843
MV;1;m;1993 - 1999;21700;265;5794;3883;2956;1675;;2386;3242;1499;293;355
MV;1;m;1983 - 1992;53231;552;13854;8347;8767;2366;;2661;13272;3412;1081;1061
MV;1;m;1973 - 1982;58461;562;17409;7590;7926;2194;;2689;17192;2901;1205;692
MV;1;m;1958 - 1972;136156;1176;40510;18970;21518;3902;;7058;37993;5029;1424;2620
MV;1;m;1948 - 1957;88869;875;25911;14701;19557;1666;;3313;21055;1791;796;700
MV;1;m;1947 und früher;94318;1404;30300;21292;23035;768;;2454;14152;912;311;416
MV;1;w;Summe;485850;6908;182883;86654;87371;21175;;23339;61549;15972;2867;7951
MV;1;w;1993 - 1999;22680;187;6775;4295;3629;3062;;1278;2247;1207;137;354
MV;1;w;1983 - 1992;53177;492;15975;10054;8198;3911;;2660;8006;3880;784;1534
MV;1;w;1973 - 1982;57081;599;21531;8589;7790;3516;;3179;9229;2648;561;1180
MV;1;w;1958 - 1972;138429;1548;50326;22201;24645;6121;;7826;20809;4952;765;2956
MV;1;w;1948 - 1957;96332;1209;36906;17230;19770;2778;;4720;11704;2016;295;1277
MV;1;w;1947 und früher;118152;2872;51371;24284;23340;1786;;3677;9554;1268;325;648
MV;2;Summe;Summe;938587;11077;307263;139689;165368;39514;;57895;172409;45372;10408;7543
MV;2;Summe;1993 - 1999;44380;316;10993;6178;5593;5344;;4960;5057;5940;855;186
MV;2;Summe;1983 - 1992;106408;830;28044;14040;14876;7761;;7434;21444;11979;2542;1210
MV;2;Summe;1973 - 1982;115542;930;37331;12860;14199;6740;;8442;26568;8472;2516;943
MV;2;Summe;1958 - 1972;274585;2466;88089;34335;47048;11313;;18522;60642;12169;2423;3276
MV;2;Summe;1948 - 1957;185202;1985;62671;28808;38959;4849;;9613;33665;4651;1485;1314
MV;2;Summe;1947 und früher;212470;4550;80134;43468;44693;3507;;8924;25034;2160;586;614
MV;2;m;Summe;452737;4740;125894;66350;79920;16350;;29132;108146;22204;6810;3094
MV;2;m;1993 - 1999;21700;111;4766;3085;2331;2110;;3334;2876;3088;576;52
MV;2;m;1983 - 1992;53231;366;11954;6810;7714;3389;;4150;13116;5731;1537;568
MV;2;m;1973 - 1982;58461;476;16459;6056;6977;3023;;3975;16938;4558;1739;302
MV;2;m;1958 - 1972;136156;1258;38623;16076;21981;4417;;9250;38808;5742;1627;1405
MV;2;m;1948 - 1957;88869;859;25072;13471;19188;2202;;4514;21249;2316;1063;515
MV;2;m;1947 und früher;94318;1669;29021;20853;21729;1209;;3909;15160;769;267;252
MV;2;w;Summe;485850;6337;181369;73339;85448;23164;;28763;64263;23168;3598;4449
MV;2;w;1993 - 1999;22680;205;6227;3093;3262;3234;;1625;2181;2852;279;134
MV;2;w;1983 - 1992;53177;464;16090;7230;7161;4372;;3284;8327;6248;1006;642
MV;2;w;1973 - 1982;57081;453;20872;6805;7222;3717;;4467;9631;3914;777;641
MV;2;w;1958 - 1972;138429;1208;49466;18259;25066;6896;;9272;21833;6427;796;1871
MV;2;w;1948 - 1957;96332;1126;37600;15337;19771;2647;;5099;12416;2335;422;799
MV;2;w;1947 und früher;118152;2881;51114;22615;22964;2298;;5015;9874;1391;319;362
SN;1;Summe;Summe;2509684;39951;756206;289109;432722;112300;;165449;628048;85899;3217;13761
SN;1;Summe;1993 - 1999;120185;1545;26563;15703;23201;11757;;10482;23273;7662;42;810
SN;1;Summe;1983 - 1992;336676;4610;79626;39528;57521;21467;;26319;85222;22382;750;2556
SN;1;Summe;1973 - 1982;370771;4493;103743;35687;53384;23444;;28437;103199;18384;699;2787
SN;1;Summe;1958 - 1972;696397;8697;192087;67441;109917;33501;;50584;212036;22135;1080;4109
SN;1;Summe;1948 - 1957;433233;7178;136232;47639;82962;11232;;24995;112886;10109;436;2256
SN;1;Summe;1947 und früher;552421;13428;217955;83112;105737;10899;;24634;91431;5226;210;1242
SN;1;m;Summe;1228316;18350;320844;137539;209847;44205;;78770;374587;44173;1685;5551
SN;1;m;1993 - 1999;60323;867;12432;7860;11921;4053;;6047;13146;3998;21;348
SN;1;m;1983 - 1992;168720;2254;36678;17990;28097;8161;;13343;50068;12129;282;1097
SN;1;m;1973 - 1982;195130;2102;47824;17224;28101;9799;;14593;64904;10583;422;1092
SN;1;m;1958 - 1972;351075;4765;86434;33096;52197;13762;;23058;126766;10998;582;1665
SN;1;m;1948 - 1957;208950;2816;57328;22037;38589;4496;;11068;68178;4438;235;937
SN;1;m;1947 und früher;244117;5547;80148;39333;50943;3934;;10661;51525;2025;142;412
SN;1;w;Summe;1281368;21601;435362;151570;222875;68095;;86679;253461;41726;1533;8210
SN;1;w;1993 - 1999;59862;678;14131;7843;11280;7704;;4434;10128;3664;21;462
SN;1;w;1983 - 1992;167956;2357;42948;21538;29424;13306;;12976;35154;10253;468;1459
SN;1;w;1973 - 1982;175641;2391;55919;18463;25283;13645;;13843;38295;7801;277;1695
SN;1;w;1958 - 1972;345322;3932;105652;34345;57720;19739;;27526;85270;11137;498;2444
SN;1;w;1948 - 1957;224284;4362;78905;25602;44373;6736;;13926;44709;5671;201;1319
SN;1;w;1947 und früher;308304;7881;137807;43779;54793;6964;;13972;39906;3201;67;830
SN;2;Summe;Summe;2509684;30280;665751;261105;398627;113608;;203662;669940;166711;29322;27471
SN;2;Summe;1993 - 1999;120185;1098;20168;12306;19769;12101;;11900;23546;19298;2340;1680
SN;2;Summe;1983 - 1992;336676;3324;65541;30715;49085;20442;;31416;89497;46656;7926;4575
SN;2;Summe;1973 - 1982;370771;3197;87522;29449;48010;26840;;34431;110166;31157;6437;4637
SN;2;Summe;1958 - 1972;696397;5638;168734;59620;98632;33231;;61094;226475;42974;8343;8350
SN;2;Summe;1948 - 1957;433233;4926;123637;45635;78369;10985;;31706;121000;16975;2853;5033
SN;2;Summe;1947 und früher;552421;12097;200149;83380;104762;10010;;33116;99256;9651;1422;3196
SN;2;m;Summe;1228316;13542;270427;127983;190650;46658;;101057;402435;75565;17915;10978
SN;2;m;1993 - 1999;60323;570;9741;6103;10185;4231;;6848;13256;9390;1398;822
SN;2;m;1983 - 1992;168720;1719;28359;13855;23818;8097;;17058;53352;22462;4454;1952
SN;2;m;1973 - 1982;195130;1532;37670;15224;24813;12009;;18504;69641;15737;4133;2215
SN;2;m;1958 - 1972;351076;2823;72987;29382;46451;15002;;29524;136691;18216;5235;3135
SN;2;m;1948 - 1957;208950;1989;50628;22572;35628;4162;;14847;72575;6550;1772;1873
SN;2;m;1947 und früher;244117;4909;71042;40848;49755;3156;;14277;56920;3211;923;981
SN;2;w;Summe;1281368;16738;395324;133122;207977;66950;;102605;267505;91146;11406;16493
SN;2;w;1993 - 1999;59862;527;10427;6204;9584;7870;;5052;10289;9908;942;857
SN;2;w;1983 - 1992;167956;1605;37182;16860;25267;12345;;14358;36145;24194;3473;2623
SN;2;w;1973 - 1982;175641;1665;49852;14225;23197;14830;;15926;40525;15421;2304;2422
SN;2;w;1958 - 1972;345322;2815;95747;30237;52181;18229;;31571;89784;24758;3107;5215
SN;2;w;1948 - 1957;224284;2937;73009;23063;42741;6823;;16859;48425;10426;1081;3160
SN;2;w;1947 und früher;308304;7188;129106;42533;55007;6854;;18839;42337;6440;500;2215
ST;1;Summe;Summe;1263474;22949;401454;213058;238047;38938;;81211;210127;57690;15351;24817
ST;1;Summe;1993 - 1999;59532;1153;16114;10919;11072;5199;;5399;6560;3115;491;1411
ST;1;Summe;1983 - 1992;152685;2351;40532;25051;24777;8526;;10707;28376;12365;3321;4317
ST;1;Summe;1973 - 1982;157878;2392;46458;21784;24270;6635;;12719;32637;10982;3435;4586
ST;1;Summe;1958 - 1972;367888;5768;109183;54892;68832;10689;;25779;74639;18106;5014;8634
ST;1;Summe;1948 - 1957;240072;3786;79921;39085;51703;4241;;14192;38981;8162;2280;3555
ST;1;Summe;1947 und früher;285420;7498;109245;61326;57394;3648;;12414;28934;4960;811;2314
ST;1;m;Summe;611445;10583;170083;102026;114778;15009;;39356;130270;29339;10051;11973
ST;1;m;1993 - 1999;29103;507;7080;5241;5419;1630;;3256;4282;1688;312;821
ST;1;m;1983 - 1992;77024;1134;18538;12610;12361;3470;;6015;16759;6136;1832;2128
ST;1;m;1973 - 1982;81432;1342;22310;10718;11664;2986;;6243;20544;5626;2347;1906
ST;1;m;1958 - 1972;182871;3029;48718;25899;32726;3959;;12093;47089;9359;3533;4038
ST;1;m;1948 - 1957;114752;1696;32349;18876;25197;1610;;6640;23981;4404;1497;2156
ST;1;m;1947 und früher;126261;2876;41088;28683;27411;1354;;5109;17615;2125;531;924
ST;1;w;Summe;652029;12366;231371;111032;123269;23929;;41855;79857;28351;5300;12844
ST;1;w;1993 - 1999;30428;646;9034;5678;5653;3568;;2143;2278;1427;179;591
ST;1;w;1983 - 1992;75661;1218;21995;12440;12415;5056;;4692;11617;6228;1489;2188
ST;1;w;1973 - 1982;76445;1050;24148;11066;12606;3650;;6476;12093;5355;1088;2680
ST;1;w;1958 - 1972;185017;2739;60465;28993;36105;6730;;13686;27550;8748;1481;4596
ST;1;w;1948 - 1957;125320;2091;47572;20210;26506;2631;;7552;15000;3757;783;1399
ST;1;w;1947 und früher;159159;4622;68157;32644;29983;2294;;7305;11319;2835;280;1391
ST;2;Summe;Summe;1263474;18494;377411;188980;220858;46243;;96555;244401;70532;9413;13036
ST;2;Summe;1993 - 1999;59532;1093;12962;8353;10123;6353;;6689;6897;7062;523;613
ST;2;Summe;1983 - 1992;152685;1890;35172;20792;20944;9599;;12120;34096;18072;2464;2067
ST;2;Summe;1973 - 1982;157878;1710;43216;17934;20161;7521;;15762;38575;12998;1881;2468
ST;2;Summe;1958 - 1972;367888;4210;103358;47342;63680;13228;;30236;86341;19492;3035;4595
ST;2;Summe;1948 - 1957;240072;3248;76741;35551;49968;4901;;16392;45683;7587;1194;1837
ST;2;Summe;1947 und früher;285420;6342;105961;59008;55982;4642;;15355;32809;5321;316;1455
ST;2;m;Summe;611445;8307;153913;92045;105698;19018;;48569;152340;31554;6092;5155
ST;2;m;1993 - 1999;29103;489;5634;3887;4722;2162;;4220;4492;3497;330;211
ST;2;m;1983 - 1992;77024;883;15214;10540;10164;4428;;6884;20104;8807;1458;981
ST;2;m;1973 - 1982;81432;918;20099;8572;9772;3568;;8243;24361;5899;1206;982
ST;2;m;1958 - 1972;182871;1974;43646;23176;30170;5081;;15137;55277;8408;2239;1786
ST;2;m;1948 - 1957;114752;1496;30224;17754;24382;1954;;7635;28229;3080;692;800
ST;2;m;1947 und früher;126261;2545;39096;28117;26488;1825;;6451;19876;1863;167;395
ST;2;w;Summe;652029;10187;223498;96935;115160;27225;;47986;92061;38978;3320;7881
ST;2;w;1993 - 1999;30428;604;7328;4466;5401;4191;;2469;2404;3565;193;403
ST;2;w;1983 - 1992;75661;1007;19958;10252;10780;5171;;5236;13992;9265;1006;1086
ST;2;w;1973 - 1982;76445;792;23117;9362;10389;3953;;7520;14214;7098;674;1486
ST;2;w;1958 - 1972;185017;2236;59712;24165;33509;8147;;15099;31065;11084;796;2810
ST;2;w;1948 - 1957;125320;1752;46518;17797;25587;2947;;8758;17454;4507;502;1037
ST;2;w;1947 und früher;159159;3797;66865;30891;29494;2816;;8904;12933;3458;149;1060
TH;1;Summe;Summe;1312052;19385;408513;188802;227194;46919;;71579;291466;58194;3193;33707
TH;1;Summe;1993 - 1999;59866;839;13794;10199;11099;5056;;4329;10698;3852;165;1770
TH;1;Summe;1983 - 1992;156678;1942;39577;22359;24293;8021;;9071;40709;10706;834;5305
TH;1;Summe;1973 - 1982;178384;2122;52314;20099;23363;8241;;11355;50308;10582;679;6024
TH;1;Summe;1958 - 1972;376659;3530;111043;45224;59502;14903;;22534;101263;18660;1153;11416
TH;1;Summe;1948 - 1957;252641;3324;80613;37371;51437;6202;;12568;52471;8654;148;5536
TH;1;Summe;1947 und früher;287824;7628;111172;53550;57499;4497;;11721;36017;5740;214;3655
TH;1;m;Summe;639781;8025;173428;88593;111928;18487;;35065;178191;26063;1955;14577
TH;1;m;1993 - 1999;30951;351;6280;5732;5846;1824;;2624;6481;1813;112;697
TH;1;m;1983 - 1992;80380;1130;18358;10643;12683;3064;;4899;24314;5289;454;2494
TH;1;m;1973 - 1982;91912;862;24574;8840;11407;3178;;5897;31788;5367;477;3068
TH;1;m;1958 - 1972;189542;1547;49066;21634;28516;6024;;11059;63718;7981;691;4932
TH;1;m;1948 - 1957;123356;1424;34665;17708;25770;2442;;5757;32148;3443;104;2067
TH;1;m;1947 und früher;123639;2711;40485;24038;27704;1955;;4831;19744;2171;117;1318
TH;1;w;Summe;672271;11360;235085;100209;115266;28432;;36514;113275;32131;1238;19130
TH;1;w;1993 - 1999;28915;488;7513;4467;5253;3232;;1705;4217;2039;53;1073
TH;1;w;1983 - 1992;76298;812;21219;11716;11609;4957;;4173;16395;5417;379;2811
TH;1;w;1973 - 1982;86471;1260;27740;11259;11956;5063;;5458;18520;5215;203;2956
TH;1;w;1958 - 1972;187117;1983;61978;23591;30986;8879;;11476;37545;10679;461;6484
TH;1;w;1948 - 1957;129284;1900;45948;19663;25667;3760;;6812;20324;5211;44;3469
TH;1;w;1947 und früher;164185;4917;70687;29512;29796;2542;;6890;16273;3568;97;2337
TH;2;Summe;Summe;1312052;17604;372258;171032;218212;53340;;101129;294069;84408;16622;21365
TH;2;Summe;1993 - 1999;59866;607;11561;7692;8563;5981;;5979;9963;9520;1400;924
TH;2;Summe;1983 - 1992;156678;1560;35056;18831;20970;8427;;12342;38951;20541;4736;2889
TH;2;Summe;1973 - 1982;178384;1505;45725;17523;20944;9167;;16425;50970;16125;4133;3281
TH;2;Summe;1958 - 1972;376659;3336;100686;40847;58462;16222;;31989;101923;23195;4294;8135
TH;2;Summe;1948 - 1957;252641;3365;74147;35202;51093;7512;;18282;53694;9346;1390;3734
TH;2;Summe;1947 und früher;287824;7231;105084;50937;58181;6031;;16112;38568;5681;669;2401
TH;2;m;Summe;639781;6623;153449;81394;106513;21142;;49741;180553;40367;9865;8607
TH;2;m;1993 - 1999;30951;269;4952;4253;4655;2031;;3668;6217;4906;768;319
TH;2;m;1983 - 1992;80380;889;15828;8861;10457;3521;;6255;23789;10781;2464;1276
TH;2;m;1973 - 1982;91912;521;20123;8279;10231;3510;;8642;32095;8511;2564;1436
TH;2;m;1958 - 1972;189542;1314;43254;19621;27742;7042;;16109;64018;10443;2805;3512
TH;2;m;1948 - 1957;123356;1345;31385;16731;25627;2995;;8342;33268;3663;942;1284
TH;2;m;1947 und früher;123639;2284;37907;23650;27801;2044;;6725;21164;2063;322;779
TH;2;w;Summe;672271;10981;218809;89638;111699;32198;;51388;113516;44041;6757;12758
TH;2;w;1993 - 1999;28915;338;6609;3439;3907;3950;;2310;3746;4614;632;605
TH;2;w;1983 - 1992;76298;671;19228;9971;10513;4907;;6088;15162;9760;2272;1613
TH;2;w;1973 - 1982;86471;984;25602;9245;10713;5656;;7782;18875;7614;1569;1844
TH;2;w;1958 - 1972;187117;2022;57432;21226;30720;9180;;15881;37905;12751;1488;4623
TH;2;w;1948 - 1957;129284;2020;42762;18471;25465;4517;;9941;20425;5683;447;2450
TH;2;w;1947 und früher;164185;4946;67177;27287;30380;3987;;9386;17404;3618;347;1623
